src,dst,weight
清酒,酵母,119
nan,日本酒,116
the,清酒,112
sake,清酒,111
nan,清酒,108
sake,the,95
rice,the,89
and,the,84
fig,the,80
官能評価,清酒,74
日本,日本酒,72
nan,昭和,65
清酒酵母,酵母,64
ワイン,日本酒,63
and,sake,60
清酒,焼酎,58
and,清酒,57
清酒,酒質,57
アミノ,清酒,57
遺伝子,酵母,53
日本酒,輸出,53
日本酒,消費者,52
the,was,51
清酒,酸度,51
the,酵母,51
市場,日本酒,49
ビール,清酒,48
清酒,酒類,48
吟醸酒,清酒,47
tabl,the,47
エチル,カプロン,47
分離,酵母,47
昭和,清酒,47
nan,酵母,47
発酵,酵母,46
the,アミノ,46
the,官能評価,46
nan,吟醸酒,46
清酒,清酒中,46
酒母,酵母,45
rice,白米,45
酵母,香気成分,45
白米,精米歩合,45
清酒,香気成分,45
清酒,濃度,44
アミノ,酵母,44
白米,精米,44
ppm,清酒,44
カプロン,カプロン酸エチル,43
acid,the,43
酵母,酸度,43
nan,杜氏,43
rice,sake,42
ビール,日本酒,42
fig,清酒,42
アミノ,酸度,41
清酒,醸造,41
原料米,清酒,41
精米,精米歩合,41
sake,官能評価,40
清酒,相関,40
rice,精米歩合,40
sake,酵母,39
sake,tabl,39
吟醸酒,日本酒,39
and,酵母,39
ワイン,日本,39
清酒,発酵,39
清酒,精米歩合,38
日本酒,昭和,38
日本酒,海外,38
日本酒,清酒,38
清酒,試料,38
酒質,酵母,37
吟醸酒,純米酒,37
table,the,37
日本,輸出,37
平成,昭和,37
清酒,麹菌,37
清酒,生成,37
エチル,清酒,37
商品,日本酒,37
清酒,白米,36
エチル,カプロン酸エチル,36
acid,清酒,36
清酒,純米酒,36
タンパク,清酒,36
玄米,白米,36
消費者,清酒,36
酵母,麹菌,36
日本酒,焼酎,36
山田錦,酒造好適米,35
エチル,酢酸,34
世界,日本酒,34
品種,山田錦,34
親株,酵母,34
活性,酵母,34
rice,清酒,34
and,rice,34
添加,清酒,34
酢酸,香気成分,33
分離,清酒,33
清酒,測定,33
清酒酵母,親株,33
the,酸度,33
the,濃度,32
and,was,32
タンパク,酵母,32
the,精米歩合,32
アメリカ,日本,32
the,白米,32
日本酒,蔵元,32
アメリカ,日本酒,32
ppm,the,32
日本,海外,32
エチル,香気成分,32
tabl,清酒,32
玄米,精米,31
日本,清酒,31
仕込,清酒,31
rice,精米,31
sake,was,31
料理,日本酒,31
nan,醸造,31
遺伝子,麹菌,31
アミノ,アミノ酸,31
ワイン,清酒,31
平成,清酒,31
清酒,遺伝子,31
吟醸酒,酒質,31
吟醸酒,昭和,31
the,試料,30
清酒,醸協,30
nan,消費者,30
nan,ワイン,30
ビール,ワイン,30
リンゴ,清酒,30
and,fig,30
カプロン,酵母,30
品種,酒造好適米,30
清酒,結果,30
fig,rice,30
タンパク,麹菌,30
写真,日本酒,29
昭和,杜氏,29
レストラン,日本酒,29
酵母,醸造,29
海外,輸出,29
リンゴ,酵母,29
sake,酸度,29
発酵,醸造,29
カプロン,清酒,29
清酒,酒粕,28
清酒,酢酸,28
品質,日本酒,28
the,原料米,28
rice,tabl,28
分析,清酒,28
nan,麹菌,28
清酒,清酒酵母,28
sake,table,28
メーカー,日本酒,28
oryzae,麹菌,28
イソアミル,酢酸,28
エチル,酵母,27
市場,消費者,27
was,清酒,27
協会,酵母,27
清酒,麹,27
清酒酵母,遺伝子,27
アミラーゼ,活性,27
nan,焼酎,27
活性炭,清酒,27
nan,研究,27
清酒,熟成,27
sake,アミノ,27
清酒,老香,26
sake,試料,26
山田錦,酒米,26
メーカー,消費者,26
日本酒,純米酒,26
カプロン酸エチル,酵母,26
nan,ビール,26
カプロン,酢酸,26
レストラン,日本,26
the,山田錦,26
商品,清酒,26
the,影響,26
明治,昭和,26
酢酸,酵母,26
吟醸酒,消費者,26
ビール,酒類,26
影響,清酒,26
生成,酵母,26
the,発酵,26
oryzae,酵母,26
培地,酵母,25
仕込,酵母,25
dna,酵母,25
場合,清酒,25
nan,純米酒,25
the,蒸米,25
rice,was,25
清酒酵母,育種,25
グルテリン,タンパク,25
ビール,焼酎,25
moromi,the,25
アミラーゼ,清酒,25
吟醸酒,精米歩合,25
有機酸,清酒,25
増加,清酒,25
fig,sake,25
メーカー,商品,25
nan,酒質,25
日本酒,飲酒,25
商品,消費者,25
写真,日本,25
活性,清酒,25
カプロン,香気成分,25
原料米,精米歩合,25
文化,日本酒,25
rice,玄米,24
リンゴ,清酒酵母,24
清酒,貯蔵,24
清酒,酒造好適米,24
sake,清酒酵母,24
メーカー,市場,24
商品,市場,24
アミラーゼ,グルコアミラーゼ,24
結果,酵母,24
タンパク,品種,24
oryzae,タンパク,24
変異株,清酒酵母,24
活性,麹菌,24
ppm,sake,24
nan,歴史,24
ワイン,輸出,24
清酒,清酒醸造,24
官能評価,香気成分,24
the,香気成分,24
アミノ酸,清酒,24
sake,日本酒,24
sake,濃度,24
and,tabl,24
製成酒,酵母,24
山田錦,精米歩合,24
山田錦,清酒,24
the,相関,24
品質,清酒,24
rice,山田錦,24
ppm,酵母,23
清酒,製成酒,23
sake,製成酒,23
分離,親株,23
nan,品質,23
rice,酒造好適米,23
日本酒,酒質,23
日本酒度,清酒,23
the,精米,23
アミラーゼ,麹菌,23
アメリカ,輸出,23
the,製成酒,23
acid,アミノ,23
精米歩合,酸度,23
清酒,着色度,23
the,活性,23
ワイン,海外,23
rice,原料米,23
市場,日本,23
oryzae,活性,23
育種,酵母,22
清酒,酒母,22
清酒,製造方法,22
タンパク,酒造好適米,22
oryzae,清酒,22
日本酒,歴史,22
rice,蒸米,22
nan,日本,22
ワイン,世界,22
世界,日本,22
酒質,酸度,22
酒母,酸度,22
酒母,酒質,22
原料米,白米,22
rice,品種,22
日本酒,杜氏,22
清酒,蒸米,22
アセトアルデヒド,清酒,22
活性,遺伝子,22
アルコール,清酒,22
and,table,22
清酒醸造,酵母,22
グルコアミラーゼ,活性,22
活性,酵素活性,22
アミラーゼ,酵母,22
変異株,親株,22
acid,sake,22
全国新酒鑑評会,出品酒,22
nan,酒造り,21
玄米,精米歩合,21
エステル,香気成分,21
精米歩合,酵母,21
官能評価,酸度,21
nan,発酵,21
五百万石,山田錦,21
イソアミル,酵母,21
the,玄米,21
吟醸酒,酵母,21
the,測定,21
ワイン,市場,21
タンパク,遺伝子,21
原料米,酵母,21
ペプチド,清酒,21
アミロペクチン,デンプン,21
日本酒度,酸度,21
tabl,酸度,21
the,アミノ酸,21
清酒,研究,21
培地,清酒酵母,21
カプロン酸エチル,清酒,21
濃度,酵母,21
清酒酵母,香気成分,21
清酒,親株,21
oryzae,遺伝子,21
table,清酒,20
分離,清酒酵母,20
タンパク,活性,20
tabl,アミノ,20
the,清酒醸造,20
昭和,酵母,20
出品酒,審査,20
使用,清酒,20
乳酸,清酒,20
アミラーゼ,プロテアーゼ,20
消費者,純米酒,20
アミラーゼ,酸性,20
nan,技術,20
the,添加,20
白米,酒造好適米,20
タンパク,山田錦,20
成分,清酒,20
ワイン,料理,20
吟醸酒,酸度,20
エチル,官能評価,20
酸度,香気成分,20
杜氏,酒造り,20
moromi,酵母,20
and,濃度,20
山田錦,蒸米,20
測定,試料,19
レストラン,ワイン,19
アミロペクチン,アミロース,19
解析,麹菌,19
the,有機酸,19
イソアミル,香気成分,19
グルコース,清酒,19
心白,酒造好適米,19
the,清酒酵母,19
the,カプロン酸エチル,19
精米歩合,酒造好適米,19
the,消化性,19
官能評価,酵母,19
山田錦,酵母,19
蒸米,酵母,19
acid,酵母,19
酒造好適米,酵母,19
平成,日本酒,19
山田錦,心白,19
昭和,研究,19
イソアミル,カプロン,19
グルコアミラーゼ,麹菌,19
nan,精米歩合,19
ビール,日本,19
酵母,麹,19
文化,日本,19
品質,昭和,19
発酵,酒質,19
清酒,火入,19
the,酒質,19
sake,白米,19
and,白米,19
the,エチル,19
rice,発酵,19
審査,日本酒,19
the,酵素活性,19
the,貯蔵,19
焼酎,酵母,19
the,酒造好適米,19
清酒,精米,19
有機酸,酵母,19
製造方法,酵母,19
レストラン,写真,18
原料米,山田錦,18
fig,試料,18
タンパク,原料米,18
sake,エチル,18
アルコール,酵母,18
日本,焼酎,18
日本酒,発酵,18
世界,海外,18
nan,鑑評会,18
sake,分離,18
rice,消化性,18
価格,消費者,18
山田錦,酒造適性,18
五百万石,品種,18
and,発酵,18
品種,酒造適性,18
tabl,官能評価,18
イソアミル,エチル,18
アミノ,原料米,18
山田錦,精米,18
価格,日本酒,18
acid,and,18
dmts,清酒,18
変異株,酵母,18
acid,ppm,18
nan,アミノ,18
アミロース,デンプン,18
oryzae,アミラーゼ,18
日本酒,酵母,18
sake,貯蔵,18
日本酒,酒類,18
nan,平成,18
アミノ,タンパク,18
rice,試料,18
清酒,生酒,18
清酒酵母,発酵,18
全国新酒鑑評会,審査,18
カプロン酸エチル,香気成分,18
焼酎,輸出,18
and,清酒酵母,18
レストラン,輸出,18
リンゴ,親株,18
清酒,酸性,17
nan,酸度,17
デンプン,蒸米,17
杜氏,清酒,17
乳酸菌,清酒,17
出品酒,酒質,17
品質,醸造,17
and,官能評価,17
原料米,酒造好適米,17
nan,sake,17
昭和,酒質,17
ワイン,焼酎,17
品質,酵母,17
写真,輸出,17
小仕込試験,清酒酵母,17
and,アミノ,17
品質,発酵,17
nan,明治,17
タンパク,精米歩合,17
白米,蒸米,17
リンゴ,分離,17
カプロン,官能評価,17
官能評価,酢酸,17
清酒,温度,17
尿素,清酒,17
吟醸酒,審査,17
the,カプロン,17
官能評価,添加,17
市場,輸出,17
nan,蔵元,17
原料米,酒質,17
rice,デンプン,17
エステル,酢酸,17
分析,試料,17
tabl,table,17
五百万石,酒造好適米,17
原料米,吟醸酒,17
日本,歴史,17
プロテアーゼ,酸性,17
吟醸酒,香気成分,17
審査,清酒,17
清酒,輸出,17
品種,精米歩合,17
育種,親株,17
分離,培地,17
添加,香気成分,17
出品酒,清酒,17
イソアミル,清酒,17
純米酒,酒質,17
moromi,清酒,16
品種,酒米,16
カプロン酸エチル,清酒酵母,16
dna,遺伝子,16
ビール,市場,16
acid,有機酸,16
添加,酵母,16
sake,酒粕,16
原料米,精米,16
nan,酒造好適米,16
グルコアミラーゼ,酸性,16
協会,清酒,16
官能評価,酒質,16
吟醸酒,市場,16
ppm,添加,16
nan,文化,16
メーカー,昭和,16
moromi,sake,16
カプロン,吟醸酒,16
製成酒,酒質,16
カプロン酸エチル,酢酸,16
蒸米,酒質,16
全国新酒鑑評会,吟醸酒,16
oryzae,製造方法,16
仕込,酒母,16
活性,麹,16
酵母,醸協,16
日本酒度,酵母,16
小仕込試験,酵母,16
商品,昭和,16
酒類,酵母,16
乳酸菌,酵母,16
rice,五百万石,16
生成,香気成分,16
焼酎,酒類,16
吟醸酒,品質,16
昭和,消費者,16
昭和,歴史,16
タンパク,発酵,16
nan,官能評価,16
イソアミル,カプロン酸エチル,16
昭和,鑑評会,16
アメリカ,レストラン,16
ワイン,写真,16
酒質,香気成分,16
吟醸酒,杜氏,16
消費者,酒質,16
日本,昭和,16
nan,飲酒,16
アミノ,ペプチド,16
清酒酵母,酸度,16
清酒酵母,酢酸,16
原料米,品種,16
アミノ,生成,16
dna,清酒酵母,15
精米歩合,試料,15
白米,試料,15
レストラン,市場,15
清酒,香味,15
カプロン酸エチル,吟醸香,15
吟醸酒,商品,15
nan,料理,15
the,着色度,15
発酵,香気成分,15
ppm,エチル,15
tabl,was,15
the,増加,15
the,生成,15
熟成,貯蔵,15
アメリカ,海外,15
ppm,カプロン,15
吸水性,消化性,15
the,グルコース,15
デンプン,品種,15
吟醸酒,鑑評会,15
アミラーゼ,酵素活性,15
消化性,酒造好適米,15
分離,香気成分,15
dmts,老香,15
発酵,酸度,15
商品,酒質,15
sake,小仕込試験,15
アミノ,蒸米,15
品種,酵母,15
nan,酒母,15
デンプン,山田錦,15
the,品種,15
吸水性,酒造好適米,15
nan,輸出,15
焼酎,発酵,15
アルコール,発酵,15
sake,香気成分,15
アミノ,酸性,15
アミノ,麹菌,15
グルコース,酵母,15
山田錦,玄米,15
吟醸香,清酒,15
アミラーゼ,遺伝子,15
品種,精米,15
sake,仕込,15
製造方法,遺伝子,15
酸度,醸協,15
カプロン,酒質,15
活性,製造方法,15
グルコアミラーゼ,清酒,15
酒米,酒造好適米,15
rice,酸度,15
rice,酒造用原料米,15
山田錦,麹菌,15
rice,吸水性,15
消費者,酒類,15
アミノ,製成酒,15
清酒,玄米,15
製成酒,酸度,15
the,酸性,15
品種,清酒,15
アミロース,品種,15
アミノ,酒質,15
吟醸酒,料理,15
sake,原料米,15
アルコール,酸度,15
the,分析,15
ビール,酵母,15
and,分離,15
清酒酵母,製成酒,15
解析,遺伝子,15
the,分離,15
出品酒,吟醸酒,15
ビール,飲酒,14
リンゴ,有機酸,14
カプロン酸エチル,酒質,14
山田錦,結果,14
解析,酵母,14
and,測定,14
sake,添加,14
技術,日本酒,14
カプロン,清酒酵母,14
使用,酵母,14
清酒酵母,酒母,14
nan,商品,14
was,発酵,14
清酒酵母,生成,14
活性,酸性,14
濃度,試料,14
官能評価,試料,14
アミノ,活性,14
グルテリン,清酒,14
研究,酵母,14
アミノ,清酒酵母,14
価格,市場,14
小仕込試験,親株,14
ワイン,文化,14
麹,麹菌,14
acid,table,14
酒造好適米,酒造適性,14
品質,消費者,14
精米歩合,純米酒,14
全国新酒鑑評会,清酒,14
ppm,官能評価,14
清酒醸造,酒質,14
品種,心白,14
タンパク,デンプン,14
吟醸香,酵母,14
and,活性炭,14
and,酸度,14
分離,変異株,14
tabl,白米,14
アミノ,発酵,14
白米,製成酒,14
全国新酒鑑評会,酒質,14
日目,酵母,14
精米歩合,酒質,14
エステル,清酒,14
蒸米,酒母,14
日本酒,研究,14
昭和,酒造り,14
市場,海外,14
sake,カプロン酸エチル,14
タンパク,製造方法,14
着色度,貯蔵,14
日本,酒類,14
デンプン,清酒,14
清酒醸造,精米歩合,14
品種,清酒醸造,14
the,デンプン,14
山田錦,活性,14
fig,アミノ,14
and,精米歩合,14
sake,活性炭,14
品質,市場,14
官能評価,老香,14
グルテリン,発酵,14
消化性,酒造適性,14
世界,輸出,14
プロテアーゼ,清酒,14
カプロン酸エチル,吟醸酒,14
培地,親株,14
心白,精米,14
添加,濃度,14
添加,清酒中,14
rice,アミノ,14
rice,タンパク,14
タンパク,精米,14
測定,白米,14
sake,酒質,14
山田錦,白米,14
精米歩合,酒母,14
sake,発酵,14
精米,酒造好適米,14
tabl,酵母,14
仕込,製成酒,14
清酒醸造,蒸米,14
and,ppm,14
the,仕込,14
消化性,白米,14
tabl,製成酒,14
日本,蔵元,14
nan,白米,14
グルコアミラーゼ,遺伝子,14
ppm,アミノ,14
アミノ,官能評価,13
料理,日本,13
結果,遺伝子,13
精米,試料,13
nan,清酒醸造,13
sake,精米歩合,13
タンパク,蒸米,13
エチル,酒質,13
タンパク,結果,13
ppm,生成,13
アミラーゼ,製造方法,13
rice,清酒醸造,13
全国新酒鑑評会,鑑評会,13
メーカー,吟醸酒,13
the,アミラーゼ,13
イソアミル,清酒酵母,13
fig,デンプン,13
rice,仕込,13
仕込,白米,13
白米,酒粕,13
sake,カプロン,13
製造方法,麹菌,13
尿素,酵母,13
sake,品質,13
アミラーゼ,タンパク,13
ppm,rice,13
rice,table,13
アミノ,グルコース,13
カプロン酸エチル,分離,13
研究,麹菌,13
アミノ,相関,13
デンプン,原料米,13
白米,酸度,13
培地,変異株,13
ppm,tabl,13
ビール,昭和,13
吟醸酒,酒母,13
アミノ,香気成分,13
アメリカ,清酒,13
fig,酵母,13
sake,着色度,13
nan,清酒酵母,13
品質,香気成分,13
相関,酒類,13
アミノ酸,酵母,13
清酒,育種,13
nan,使用,13
アミロース,酒造適性,13
acid,fig,13
蔵元,輸出,13
アメリカ,写真,13
acid,rice,13
ppm,香気成分,13
酢酸,酸度,13
官能評価,清酒中,13
アルコール,酢酸,13
活性,酒造好適米,13
acid,アミノ酸,13
タンパク,白米,13
活性,結果,13
海外,蔵元,13
料理,清酒,13
有機酸,酸度,13
生成,酢酸,13
エチル,濃度,13
原料米,麹菌,13
中国,日本,13
and,培地,13
sake,清酒中,13
清酒,飲酒,13
品種,酒質,13
影響,麹菌,13
sake,老香,13
市場,酒類,13
アミノ酸,酒質,13
仕込,酒質,13
乳酸菌,酒母,13
アミノ,吟醸酒,13
ワイン,蔵元,13
官能評価,製成酒,13
原料米,蒸米,13
and,活性,13
写真,市場,13
the,酢酸,13
乳酸,酵母,13
清酒酵母,酒質,13
rice,濃度,13
nan,世界,12
吸水性,品種,12
原料米,活性,12
ワイン,吟醸酒,12
エチル,吟醸酒,12
品種,活性,12
moromi,酸度,12
ワイン,商品,12
酵素活性,酸性,12
グルコアミラーゼ,酵母,12
fig,濃度,12
ppm,酢酸,12
明治,清酒,12
nan,全国新酒鑑評会,12
変異株,清酒,12
nan,精米,12
吟醸酒,官能評価,12
清酒中,濃度,12
nan,香気成分,12
アミロース,山田錦,12
タンパク,焼酎,12
官能評価,貯蔵,12
原料米,麹,12
プロテアーゼ,活性,12
グルコアミラーゼ,酵素活性,12
アミノ酸,酸度,12
タンパク,ビール,12
親株,酢酸,12
nan,原料米,12
dmts,官能評価,12
仕込,酸度,12
五百万石,原料米,12
デンプン,酒造適性,12
ppm,発酵,12
明治,歴史,12
アミロペクチン,山田錦,12
官能評価,濃度,12
蒸米,麹菌,12
sake,リンゴ,12
ppm,増加,12
sake,協会,12
タンパク,酒米,12
acid,発酵,12
nan,中国,12
五百万石,消化性,12
sake,尿素,12
酵母,酸性,12
アミノ,酒母,12
イソアミル,生成,12
日本酒,酒造り,12
分離,発酵,12
文化,海外,12
山田錦,平成,12
and,試料,12
アメリカ,焼酎,12
ビール,遺伝子,12
写真,海外,12
ビール,商品,12
メーカー,酒質,12
研究,醸造,12
平成,酒質,12
老香,貯蔵,12
リンゴ,育種,12
アミノ,遺伝子,12
協会,変異株,12
仕込,蒸米,12
培地,清酒,12
心白,酒米,12
山田錦,消化性,12
oryzae,山田錦,12
焼酎,醸造,12
市場,料理,12
カプロン,分離,12
sake,精米,12
nan,醤油,12
nan,仕込,12
アミノ,添加,12
審査,酒質,12
アメリカ,ワイン,12
品種,結果,12
oryzae,グルコアミラーゼ,12
価格,吟醸酒,12
エステル,エチル,12
oryzae,酒造好適米,12
醸造,香気成分,12
プロテアーゼ,麹菌,12
the,乳酸,12
sake,親株,12
小仕込試験,清酒,12
吟醸酒,白米,12
イソアミル,分離,12
発酵,製造方法,12
杜氏,蔵元,12
the,日目,12
分離,生成,12
メーカー,清酒,12
rice,製成酒,12
oryzae,結果,12
濃度,酒粕,12
焼酎,遺伝子,12
and,親株,12
sake,吟醸酒,12
日本酒,鑑評会,12
白米,酒造用原料米,12
品質,精米歩合,12
昭和,醸造,12
結果,酒造好適米,12
レストラン,海外,11
the,タンパク,11
精米歩合,蒸米,11
技術,酒質,11
sake,有機酸,11
and,酢酸,11
rice,酒質,11
変異株,育種,11
純米酒,酸度,11
アミノ,有機酸,11
市場,昭和,11
清酒,酒米,11
acid,生成,11
焼酎,結果,11
火入,生酒,11
the,アルコール,11
文化,輸出,11
技術,昭和,11
tabl,分離,11
海外,清酒,11
カプロン,生成,11
アミノ,グルコアミラーゼ,11
アミノ,純米酒,11
出品酒,鑑評会,11
結果,麹菌,11
the,吟醸酒,11
昭和,酒造好適米,11
ppm,酸度,11
and,香気成分,11
tabl,小仕込試験,11
酸性,麹菌,11
oryzae,品種,11
山田錦,遺伝子,11
rice,酵母,11
rice,酒造適性,11
fig,酸度,11
杜氏,酒質,11
sake,輸出,11
the,麹,11
アミロペクチン,酒造適性,11
dmts,貯蔵,11
メーカー,価格,11
添加,酸度,11
グルコース,濃度,11
タンパク,解析,11
nan,酒類,11
市場,酒質,11
商品,蔵元,11
精米歩合,酒米,11
昭和,酒米,11
増加,酵母,11
アミノ,培地,11
the,イソアミル,11
エチル,製成酒,11
the,醸造,11
火入,貯蔵,11
ppm,分離,11
グルコース,酸度,11
and,変異株,11
rice,官能評価,11
nan,火入,11
結果,製造方法,11
ビール,相関,11
ppm,清酒中,11
アミラーゼ,結果,11
and,有機酸,11
山田錦,相関,11
品種,消化性,11
親株,香気成分,11
試料,酒質,11
昭和,純米酒,11
原料米,昭和,11
分離,協会,11
親株,遺伝子,11
カプロン,吟醸香,11
rice,酒粕,11
写真,蔵元,11
商品,日本,11
吟醸酒,山田錦,11
酒造好適米,麹菌,11
乳酸,有機酸,11
デンプン,麹菌,11
rice,平成,11
場合,消費者,11
sake,相関,11
増加,着色度,11
ppm,試料,11
アミラーゼ,酒造好適米,11
sake,醸造,11
was,酵母,11
was,酸度,11
acid,官能評価,11
table,官能評価,11
was,活性,11
分析,酵母,11
焼酎,製造方法,11
sake,日本,11
ビール,平成,11
場合,昭和,11
アミラーゼ,蒸米,11
the,酒造用原料米,11
oryzae,発酵,11
五百万石,酒造用原料米,11
精米歩合,香気成分,11
焼酎,香気成分,11
添加,酢酸,11
デンプン,清酒醸造,11
イソアミル,酸度,11
dna,香気成分,11
アミロペクチン,品種,11
fig,白米,11
技術,杜氏,11
乳酸,酸度,11
海外,焼酎,11
ビール,消費者,11
and,酒質,11
協会,清酒酵母,11
品質,酸度,11
sake,培地,11
使用,酸度,11
培地,小仕込試験,11
遺伝子,酒造好適米,11
グルコース,解析,11
tabl,山田錦,11
エチル,清酒酵母,11
原料米,酸度,11
日本酒,麹菌,11
アミノ,着色度,11
官能評価,日本酒,11
nan,酢酸,11
デンプン,酵母,11
培地,酢酸,11
発酵,麹,11
乳酸菌,分離,10
五百万石,酒米,10
エチル,酸度,10
the,ペプチド,10
アミノ,乳酸菌,10
the,焼酎,10
吟醸酒,技術,10
原料米,遺伝子,10
原料米,酸性,10
カプロン,酸度,10
nan,酒米,10
the,培地,10
アミノ酸,有機酸,10
清酒,酒造り,10
アミノ,消化性,10
プロテアーゼ,酵母,10
試料,酒粕,10
rice,品質,10
nan,生酒,10
白米,酵母,10
タンパク,玄米,10
玄米,酒造好適米,10
アミノ,尿素,10
sake,酒造好適米,10
審査,鑑評会,10
sake,分析,10
ワイン,酵母,10
and,製成酒,10
官能評価,影響,10
影響,麹,10
and,影響,10
酵素活性,麹菌,10
品種,麹菌,10
rice,活性,10
影響,酵素活性,10
吟醸酒,平成,10
生酒,貯蔵,10
官能評価,生成,10
品種,遺伝子,10
グルテリン,原料米,10
全国新酒鑑評会,日本酒,10
oryzae,アミノ,10
発酵,麹菌,10
カプロン酸エチル,酸度,10
カプロン酸エチル,製成酒,10
アミノ,影響,10
アミノ酸,発酵,10
アミラーゼ,原料米,10
アミノ,精米歩合,10
品種,蒸米,10
写真,焼酎,10
酒造り,酒造好適米,10
グルコアミラーゼ,タンパク,10
タンパク,清酒醸造,10
nan,審査,10
dna,分離,10
グルテリン,品種,10
レストラン,料理,10
イソアミル,親株,10
吟醸酒,輸出,10
世界,文化,10
リンゴ,酸度,10
育種,香気成分,10
リンゴ,培地,10
プロテアーゼ,酵素活性,10
ppm,カプロン酸エチル,10
dmts,香気成分,10
発酵,遺伝子,10
fig,官能評価,10
グルテリン,酒造好適米,10
清酒,鑑評会,10
品質,焼酎,10
酒類,飲酒,10
リンゴ,発酵,10
発酵,結果,10
平成,白米,10
玄米,試料,10
アミノ,プロテアーゼ,10
アミノ酸,ペプチド,10
was,アミノ,10
tabl,原料米,10
測定,精米歩合,10
デンプン,精米歩合,10
カプロン,製成酒,10
デンプン,酒造好適米,10
日本酒,明治,10
増加,濃度,10
fig,清酒醸造,10
日目,酸度,10
rice,酵素活性,10
酒米,麹菌,10
アルコール,醸造,10
sake,影響,10
tabl,品種,10
価格,清酒,10
使用,白米,10
日目,酒母,10
清酒中,生成,10
アミノ,貯蔵,10
イソアミル,吟醸酒,10
fig,精米歩合,10
歴史,飲酒,10
添加,発酵,10
精米,酒造用原料米,10
the,活性炭,10
平成,酒米,10
エチル,吟醸香,10
tabl,香気成分,10
酒母,麹,10
品質,麹菌,10
官能評価,焼酎,10
日本酒,精米歩合,10
料理,輸出,10
協会,親株,10
心白,精米歩合,10
リンゴ,小仕込試験,10
エチル,添加,10
nan,タンパク,10
nan,山田錦,10
and,清酒醸造,10
エステル,官能評価,10
活性,酒類,10
アミロース,蒸米,10
分析,白米,10
写真,昭和,10
吸水性,心白,10
中国,文化,10
市場,清酒,10
使用,発酵,10
エチル,分離,10
the,老香,10
メーカー,酒類,10
sake,生酒,10
官能評価,熟成,10
fig,was,10
table,酵母,10
the,リンゴ,10
原料米,酒造用原料米,10
グルテリン,酵母,10
fig,相関,10
酒造好適米,酸度,10
増加,貯蔵,10
sake,海外,10
グルテリン,活性,10
酒母,香気成分,10
was,蒸米,10
消化性,蒸米,10
sake,アミノ酸,10
and,協会,10
添加,生成,10
酒米,酵母,10
昭和,精米歩合,10
歴史,輸出,9
仕込,日本酒度,9
was,測定,9
dmts,sake,9
原料米,酒造り,9
変異株,製成酒,9
was,清酒醸造,9
dna,発酵,9
グルテリン,山田錦,9
仕込,品質,9
日本酒,香気成分,9
活性炭,試料,9
アミラーゼ,品種,9
純米酒,酵母,9
グルテリン,製造方法,9
イソアミル,吟醸香,9
table,アミノ,9
デンプン,五百万石,9
審査,昭和,9
品質,貯蔵,9
tabl,酒造好適米,9
アミノ,山田錦,9
tabl,精米歩合,9
熟成,香気成分,9
発酵,親株,9
生成,育種,9
品質,温度,9
アミノ,増加,9
fig,エチル,9
清酒,蔵元,9
酒粕,酵母,9
昭和,白米,9
タンパク,酒質,9
原料米,玄米,9
吟醸酒,明治,9
親株,酸度,9
歴史,醸造,9
仕込,官能評価,9
場合,添加,9
分離,酢酸,9
精米歩合,酒粕,9
アセトアルデヒド,焼酎,9
sake,麹,9
アミロペクチン,五百万石,9
精米歩合,醸協,9
技術,醸造,9
rice,麹,9
原料米,日本酒,9
昭和,麹菌,9
昭和,熟成,9
品種,玄米,9
純米酒,蔵元,9
全国新酒鑑評会,昭和,9
moromi,製成酒,9
アミラーゼ,白米,9
有機酸,香気成分,9
仕込,発酵,9
焼酎,相関,9
吟醸酒,火入,9
吟醸酒,香味,9
商品,酒類,9
消費者,精米歩合,9
有機酸,酢酸,9
官能評価,消費者,9
測定,濃度,9
出品酒,日本酒,9
日本酒,温度,9
nan,エチル,9
アミノ,グルテリン,9
精米歩合,麹菌,9
nan,測定,9
清酒酵母,麹菌,9
タンパク,五百万石,9
原料米,清酒醸造,9
歴史,焼酎,9
リンゴ,生成,9
nan,アミノ酸,9
sake,酢酸,9
グルテリン,結果,9
ppm,濃度,9
活性,焼酎,9
官能評価,平成,9
料理,純米酒,9
製造方法,酒類,9
リンゴ,乳酸,9
官能評価,醸協,9
acid,清酒酵母,9
デンプン,白米,9
アメリカ,歴史,9
乳酸,乳酸菌,9
品質,研究,9
アミノ,分離,9
the,五百万石,9
乳酸菌,酸度,9
グルコアミラーゼ,原料米,9
アミラーゼ,醸造,9
焼酎,蔵元,9
rice,アミロース,9
価格,商品,9
レストラン,蔵元,9
歴史,清酒,9
清酒,解析,9
fig,蒸米,9
測定,酵母,9
杜氏,鑑評会,9
変異株,小仕込試験,9
分離,製成酒,9
アミノ,白米,9
消費者,鑑評会,9
結果,醸造,9
acid,培地,9
ppm,着色度,9
平成,酵母,9
rice,心白,9
吸水性,山田錦,9
明治,杜氏,9
影響,活性,9
精米,蒸米,9
発酵,酒類,9
分離,醸造,9
アミノ,変異株,9
酒質,酒造好適米,9
歴史,発酵,9
貯蔵,香気成分,9
昭和,蒸米,9
the,吸水性,9
日本酒,酸度,9
白米,酒造り,9
the,純米酒,9
平成,酒造好適米,9
sake,変異株,9
and,アセトアルデヒド,9
温度,貯蔵,9
濃度,精米,9
moromi,was,9
増加,官能評価,9
the,乳酸菌,9
生成,発酵,9
吟醸酒,蔵元,9
濃度,白米,9
昭和,酒類,9
日本,明治,9
品種,酒造用原料米,9
品種,昭和,9
エチル,貯蔵,9
影響,酵母,9
酒造り,酵母,9
エチル,生成,9
生成,酒質,9
遺伝子,香気成分,9
the,酒母,9
and,乳酸,9
ワイン,酒類,9
活性,蒸米,9
技術,研究,9
商品,輸出,9
昭和,酒母,9
清酒酵母,精米歩合,9
and,添加,9
rice,アミロペクチン,9
文化,歴史,9
酒類,麹菌,9
グルコアミラーゼ,プロテアーゼ,9
カプロン,添加,9
nan,協会,9
焼酎,酢酸,9
nan,醸協,9
日本酒,醸造,9
山田錦,酒母,9
平成,玄米,9
着色度,老香,9
fig,アミノ酸,9
活性炭,精米歩合,9
審査,蔵元,9
全国新酒鑑評会,原料米,9
濃度,香気成分,9
and,エチル,9
文化,焼酎,9
出品酒,原料米,9
山田錦,酒質,9
table,was,9
the,平成,9
品質,麹,9
仕込,日目,9
品質,文化,9
nan,蒸米,9
山田錦,酸度,9
消費者,熟成,9
デンプン,消化性,9
発酵,製成酒,9
nan,尿素,9
中国,写真,9
活性炭,貯蔵,9
moromi,発酵,9
官能評価,酸性,9
アミノ,仕込,9
アミノ,アミラーゼ,9
タンパク,影響,9
精米歩合,製成酒,9
acid,リンゴ,9
清酒醸造,酒造適性,9
the,麹菌,9
the,プロテアーゼ,9
the,グルコアミラーゼ,9
原料米,酒母,9
メーカー,品質,9
原料米,結果,9
分析,測定,9
山田錦,昭和,9
日本,麹,8
官能評価,発酵,8
消化性,精米,8
アミロペクチン,酒米,8
the,日本酒度,8
活性炭,濃度,8
場合,酒類,8
五百万石,日本酒,8
アミノ酸,香気成分,8
カプロン酸エチル,親株,8
アミロース,酒造好適米,8
五百万石,昭和,8
sake,玄米,8
昭和,精米,8
nan,熟成,8
fig,活性炭,8
料理,昭和,8
ワイン,醸造,8
moromi,酒質,8
酸度,麹,8
イソアミル,製成酒,8
原料米,相関,8
昭和,醤油,8
and,精米,8
酒質,酒類,8
技術,清酒,8
分離,有機酸,8
日本,醸造,8
研究,酒類,8
カプロン酸エチル,育種,8
アミノ,日本酒度,8
rice,醸造,8
カプロン,親株,8
fig,カプロン酸エチル,8
品種,発酵,8
温度,白米,8
精米歩合,酒造適性,8
ppm,尿素,8
醸造,麹,8
ビール,レストラン,8
oryzae,酒類,8
カプロン,育種,8
育種,遺伝子,8
fig,カプロン,8
アミラーゼ,酒類,8
写真,料理,8
nan,貯蔵,8
写真,文化,8
nan,麹,8
清酒醸造,白米,8
審査,純米酒,8
and,イソアミル,8
fig,添加,8
and,仕込,8
吟醸酒,熟成,8
料理,消費者,8
fig,日目,8
and,カプロン,8
fig,香気成分,8
精米歩合,結果,8
歴史,酢酸,8
ビール,海外,8
タンパク,酒造適性,8
吟醸酒,生酒,8
昭和,醸協,8
分析,醸造,8
sake,アメリカ,8
温度,酒質,8
平成,醸造,8
ワイン,消費者,8
火入,酒質,8
白米,醸造,8
精米,酒粕,8
影響,清酒醸造,8
精米,酒米,8
moromi,アルコール,8
アルコール,品質,8
sake,アルコール,8
acid,乳酸,8
acid,ペプチド,8
商品,純米酒,8
ppm,酒質,8
nan,写真,8
and,焼酎,8
杜氏,酒母,8
吸水性,白米,8
rice,アミラーゼ,8
影響,精米歩合,8
消化性,精米歩合,8
メーカー,貯蔵,8
リンゴ,品質,8
協会,昭和,8
官能評価,白米,8
原料米,醸協,8
エチル,日本酒,8
酒質,麹菌,8
エステル,酵母,8
エステル,生成,8
品種,白米,8
昭和,貯蔵,8
sake,全国新酒鑑評会,8
吟醸酒,貯蔵,8
品質,清酒酵母,8
sake,イソアミル,8
dmts,エステル,8
dmts,熟成,8
タンパク,消化性,8
rice,貯蔵,8
エステル,熟成,8
消化性,玄米,8
五百万石,白米,8
五百万石,玄米,8
and,酒粕,8
tabl,玄米,8
平成,研究,8
遺伝子,酒類,8
原料米,影響,8
アミノ酸,相関,8
rice,影響,8
カプロン酸エチル,官能評価,8
日目,清酒,8
ワイン,酒質,8
ビール,世界,8
エステル,醸造,8
官能評価,純米酒,8
官能評価,相関,8
the,酒類,8
nan,活性炭,8
遺伝子,酒母,8
親株,酒母,8
品質,親株,8
活性,生成,8
製造方法,酒造好適米,8
was,官能評価,8
nan,吟醸香,8
清酒醸造,酒母,8
清酒醸造,遺伝子,8
官能評価,測定,8
日本酒,清酒酵母,8
仕込,杜氏,8
rice,分析,8
原料米,純米酒,8
活性,酒母,8
and,育種,8
ビール,メーカー,8
the,酒米,8
相関,着色度,8
分離,酸度,8
アミノ,老香,8
nan,老香,8
ppm,日目,8
協会,酸度,8
生酒,酸度,8
タンパク,酒類,8
焼酎,麹菌,8
官能評価,審査,8
the,アミロース,8
清酒醸造,香気成分,8
平成,製成酒,8
ppm,場合,8
rice,酒米,8
and,熟成,8
タンパク,心白,8
五百万石,結果,8
添加,製成酒,8
acid,tabl,8
the,アミロペクチン,8
山田錦,製造方法,8
清酒醸造,生成,8
アミラーゼ,山田錦,8
場合,官能評価,8
生成,親株,8
nan,香味,8
火入,熟成,8
醸造,麹菌,8
sake,出品酒,8
エチル,試料,8
日本酒,香味,8
市場,純米酒,8
火入,純米酒,8
アルコール,香気成分,8
育種,酢酸,8
育種,酸度,8
sake,測定,8
使用,官能評価,8
was,麹,8
変異株,酢酸,8
変異株,生成,8
アミラーゼ,発酵,8
使用,製成酒,8
清酒中,香気成分,8
生成,蒸米,8
吟醸香,清酒酵母,8
精米歩合,麹,8
デンプン,試料,8
原料米,消化性,8
遺伝子,麹,8
相関,酸度,8
the,清酒中,8
原料米,平成,8
was,濃度,8
場合,酵母,8
日本酒,酒米,8
吟醸酒,日本,8
濃度,酸度,8
吟醸酒,製成酒,8
相関,酵母,8
吟醸酒,蒸米,8
原料米,品質,8
蒸米,酸度,8
アメリカ,市場,8
acid,グルコース,8
小仕込試験,製成酒,8
and,グルコース,8
製成酒,香気成分,8
発酵,白米,8
平成,杜氏,8
増加,香気成分,8
増加,酸度,8
山田錦,酒造用原料米,8
the,成分,8
日本酒,熟成,8
原料米,酒造適性,8
製造方法,解析,8
有機酸,生成,8
the,アセトアルデヒド,8
the,生酒,8
協会,培地,8
sake,平成,8
and,生酒,8
タンパク,酸性,8
アミノ,日本酒,8
アセトアルデヒド,飲酒,8
解析,麹,8
吸水性,酒造適性,8
and,相関,8
moromi,rice,8
プロテアーゼ,蒸米,8
酒造適性,酵母,8
the,酒造適性,8
平成,蔵元,8
tabl,消化性,8
デンプン,遺伝子,8
the,尿素,8
世界,蔵元,8
nan,海外,8
グルコアミラーゼ,製造方法,8
アミノ,イソアミル,8
精米歩合,酒造用原料米,8
価格,品質,8
濃度,酒質,8
ビール,麹,8
ビール,活性,8
商品,海外,8
and,moromi,8
文化,蔵元,8
カプロン,出品酒,8
fig,分析,8
カプロン酸エチル,全国新酒鑑評会,8
品種,製造方法,8
品質,平成,8
活性,解析,8
カプロン,全国新酒鑑評会,8
カプロン酸エチル,出品酒,8
the,吟醸香,8
oryzae,麹,8
清酒醸造,解析,8
活性,測定,8
ビール,写真,8
分離,活性,8
tabl,エチル,7
タンパク,麹,7
吟醸酒,精米,7
場合,白米,7
グルコース,発酵,7
清酒醸造,酒造好適米,7
協会,小仕込試験,7
nan,出品酒,7
酸性,香気成分,7
ビール,価格,7
品種,解析,7
sake,酸性,7
写真,清酒,7
仕込,昭和,7
エチル,尿素,7
アミロース,吸水性,7
心白,麹菌,7
the,小仕込試験,7
市場,蔵元,7
fig,酒質,7
tabl,貯蔵,7
sake,酵素活性,7
蒸米,酸性,7
sake,生成,7
蔵元,酒質,7
原料米,発酵,7
fig,測定,7
and,遺伝子,7
tabl,尿素,7
協会,酒母,7
ペプチド,蒸米,7
moromi,濃度,7
清酒醸造,測定,7
増加,生成,7
尿素,清酒中,7
fig,酒造用原料米,7
アミロペクチン,試料,7
仕込,清酒醸造,7
アミラーゼ,グルコース,7
老香,酒類,7
仕込,生成,7
アミロペクチン,蒸米,7
nan,解析,7
dmts,エチル,7
文化,料理,7
グルテリン,麹菌,7
リンゴ,官能評価,7
測定,蒸米,7
解析,酒米,7
was,原料米,7
増加,酢酸,7
濃度,貯蔵,7
吟醸酒,吟醸香,7
精米,酵母,7
ppm,焼酎,7
fig,老香,7
ppm,吟醸酒,7
イソアミル,培地,7
アミノ,麹,7
吸水性,精米,7
官能評価,日本酒度,7
fig,アセトアルデヒド,7
温度,酒造り,7
相関,老香,7
温度,火入,7
生成,酸性,7
清酒,酒造適性,7
ペプチド,酵母,7
tabl,イソアミル,7
活性,親株,7
杜氏,酒造好適米,7
温度,熟成,7
nan,アミラーゼ,7
タンパク,相関,7
生成,製成酒,7
グルコース,酢酸,7
カプロン酸エチル,原料米,7
メーカー,精米歩合,7
カプロン,濃度,7
rice,測定,7
acid,酢酸,7
and,dna,7
table,有機酸,7
貯蔵,酸度,7
and,成分,7
アルコール,カプロン,7
吟醸酒,日本酒度,7
アルコール,エチル,7
酒質,酢酸,7
濃度,生酒,7
市場,焼酎,7
清酒醸造,製成酒,7
acid,乳酸菌,7
and,貯蔵,7
fig,原料米,7
場合,平成,7
平成,酸度,7
table,精米歩合,7
oryzae,グルテリン,7
仕込,精米歩合,7
アミロース,消化性,7
デンプン,酒質,7
moromi,tabl,7
moromi,清酒醸造,7
fig,影響,7
平成,酒類,7
清酒醸造,麹菌,7
使用,日本酒,7
仕込,濃度,7
sake,酒母,7
技術,麹菌,7
場合,日本酒,7
and,小仕込試験,7
吟醸酒,酒造好適米,7
tabl,仕込,7
カプロン,原料米,7
製成酒,酒母,7
原料米,心白,7
生成,酒母,7
消費者,香味,7
acid,分離,7
nan,濃度,7
nan,ppm,7
tabl,協会,7
fig,moromi,7
ppm,仕込,7
エステル,カプロン,7
消費者,貯蔵,7
官能評価,成分,7
場合,火入,7
the,育種,7
日本酒,貯蔵,7
分離,小仕込試験,7
吟醸酒,酢酸,7
nan,メーカー,7
平成,精米歩合,7
吟醸香,酢酸,7
影響,酸性,7
rice,麹菌,7
全国新酒鑑評会,平成,7
分離,酒母,7
ビール,醸造,7
アミノ,濃度,7
the,心白,7
酒質,醸造,7
日本酒度,日目,7
酸度,醸造,7
アルコール,焼酎,7
日本酒度,製成酒,7
山田錦,試料,7
日本酒度,酒質,7
培地,製成酒,7
結果,麹,7
the,酒粕,7
清酒酵母,醸協,7
fig,精米,7
アミノ,清酒醸造,7
活性,発酵,7
中国,日本酒,7
カプロン,審査,7
吟醸酒,相関,7
試料,酸度,7
カプロン酸エチル,生成,7
tabl,酸性,7
清酒中,測定,7
ppm,清酒酵母,7
濃度,生成,7
濃度,酢酸,7
tabl,アミラーゼ,7
oryzae,解析,7
アルコール,リンゴ,7
日本酒,酒母,7
中国,麹,7
グルコース,培地,7
原料米,酒粕,7
the,品質,7
日本酒,酒造好適米,7
nan,品種,7
oryzae,分析,7
oryzae,焼酎,7
カプロン酸エチル,審査,7
was,白米,7
was,アミラーゼ,7
アミノ,使用,7
アミラーゼ,グルテリン,7
官能評価,有機酸,7
oryzae,酒米,7
レストラン,清酒,7
イソアミル,変異株,7
官能評価,酵素活性,7
oryzae,デンプン,7
品質,料理,7
oryzae,ビール,7
清酒中,酵母,7
酒質,麹,7
温度,蒸米,7
エステル,分離,7
中国,醸造,7
イソアミル,エステル,7
アミノ酸,生成,7
デンプン,発酵,7
山田錦,麹,7
小仕込試験,酸度,7
分析,結果,7
アミノ,品種,7
メーカー,鑑評会,7
出品酒,昭和,7
酸性,麹,7
分析,山田錦,7
カプロン酸エチル,協会,7
相関,試料,7
杜氏,純米酒,7
ワイン,昭和,7
場合,香気成分,7
nan,価格,7
玄米,酒造用原料米,7
ビール,発酵,7
清酒醸造,発酵,7
dna,親株,7
ppm,was,7
白米,酒質,7
分析,製造方法,7
培地,活性,7
tabl,試料,7
グルテリン,酒粕,7
発酵,酒粕,7
官能評価,精米歩合,7
清酒酵母,解析,7
官能評価,香味,7
出品酒,平成,7
and,カプロン酸エチル,7
アセトアルデヒド,濃度,7
吟醸香,製成酒,7
アミノ,酢酸,7
心白,蒸米,7
sake,山田錦,7
昭和,酸度,7
吟醸酒,濃度,7
発酵,育種,7
nan,分析,7
培地,育種,7
審査,平成,7
場合,焼酎,7
the,親株,7
分析,品種,7
五百万石,蒸米,7
dmts,the,7
リンゴ,香気成分,7
分離,育種,7
sake,育種,7
吟醸香,平成,7
アミノ,日目,7
acid,製成酒,7
タンパク,ワイン,7
nan,プロテアーゼ,7
活性,酒質,7
発酵,酢酸,7
吸水性,精米歩合,7
濃度,発酵,7
発酵,酒母,7
エチル,親株,7
日目,添加,7
相関,酒造好適米,7
nan,変異株,7
分析,相関,7
消化性,酸度,7
ppm,アミノ酸,7
吟醸香,酒質,7
nan,五百万石,7
清酒,醤油,7
プロテアーゼ,酸度,7
審査,酸度,7
the,出品酒,7
日本酒,育種,7
ビール,麹菌,7
酒米,麹,7
acid,試料,7
タンパク,分析,7
消費者,酵母,7
アミノ酸,エチル,7
蒸米,醸協,7
価格,酒類,6
デンプン,酒造用原料米,6
原料米,審査,6
acid,着色度,6
価格,輸出,6
fig,アミロペクチン,6
品質,白米,6
平成,発酵,6
rice,アミノ酸,6
試料,酢酸,6
tabl,日本酒度,6
moromi,カプロン酸エチル,6
熟成,生成,6
酒母,麹菌,6
acid,相関,6
乳酸,官能評価,6
分析,平成,6
カプロン,日本酒,6
活性炭,酒質,6
相関,製造方法,6
原料米,製造方法,6
dmts,増加,6
価格,料理,6
清酒,酵素活性,6
世界,酒質,6
使用,精米歩合,6
解析,酢酸,6
消費者,蔵元,6
タンパク,酒粕,6
カプロン,場合,6
使用,場合,6
アセトアルデヒド,日本酒,6
原料米,醸造,6
ペプチド,発酵,6
山田錦,日本酒,6
乳酸菌,日目,6
ビール,蔵元,6
グルテリン,精米歩合,6
ペプチド,生成,6
moromi,カプロン,6
グルコース,麹菌,6
sake,タンパク,6
タンパク,増加,6
リンゴ,遺伝子,6
アミノ酸,着色度,6
デンプン,吸水性,6
中国,歴史,6
使用,分離,6
ペプチド,酒質,6
増加,老香,6
発酵,酒造適性,6
山田錦,酸性,6
グルコアミラーゼ,酒造好適米,6
消費者,焼酎,6
活性,清酒醸造,6
アルコール,酒質,6
fig,山田錦,6
増加,熟成,6
山田錦,清酒醸造,6
製成酒,酢酸,6
acid,蒸米,6
乳酸,熟成,6
エチル,原料米,6
活性炭,酒粕,6
吟醸酒,活性,6
杜氏,酵母,6
精米,麹,6
アミノ酸,タンパク,6
タンパク,小仕込試験,6
協会,遺伝子,6
消費者,試料,6
tabl,タンパク,6
消費者,温度,6
遺伝子,酒米,6
世界,吟醸酒,6
エチル,増加,6
酢酸,醸造,6
リンゴ,醸造,6
小仕込試験,育種,6
官能評価,清酒醸造,6
アミラーゼ,デンプン,6
育種,酒造好適米,6
oryzae,原料米,6
fig,玄米,6
活性,精米,6
アメリカ,料理,6
and,グルテリン,6
rice,グルテリン,6
acid,カプロン酸エチル,6
table,分離,6
出品酒,濃度,6
酒造好適米,酒造用原料米,6
エチル,全国新酒鑑評会,6
活性,精米歩合,6
発酵,精米歩合,6
濃度,精米歩合,6
培地,酸度,6
dmts,アミノ,6
カプロン,酒母,6
dmts,fig,6
技術,消費者,6
品種,酒類,6
タンパク,プロテアーゼ,6
アミノ酸,カプロン,6
昭和,飲酒,6
acid,was,6
遺伝子,酒粕,6
nan,エステル,6
dna,解析,6
酒母,醸協,6
育種,酒母,6
熟成,純米酒,6
吟醸香,酒母,6
アミラーゼ,昭和,6
試料,香気成分,6
試料,貯蔵,6
table,試料,6
仕込,火入,6
中国,発酵,6
アミノ,酒造好適米,6
品種,試料,6
育種,酒米,6
酒質,醸協,6
アミノ,酵素活性,6
was,グルテリン,6
nan,場合,6
市場,鑑評会,6
心白,活性,6
品種,影響,6
仕込,精米,6
原料米,酵素活性,6
結果,酒質,6
平成,解析,6
親株,醸造,6
平成,消費者,6
山田錦,解析,6
商品,平成,6
品質,商品,6
測定,醸造,6
生成,醸協,6
アミロース,原料米,6
アミロース,清酒醸造,6
酒類,麹,6
アミロペクチン,清酒醸造,6
品種,育種,6
酒造好適米,酸性,6
グルテリン,酒質,6
製造方法,麹,6
エチル,出品酒,6
出品酒,精米歩合,6
分析,酒造好適米,6
分析,活性,6
ワイン,品種,6
グルコアミラーゼ,品種,6
アミラーゼ,分析,6
カプロン酸エチル,濃度,6
平成,濃度,6
品質,鑑評会,6
商品,酵母,6
品質,技術,6
消費者,香気成分,6
酒類,醸造,6
fig,酢酸,6
アミロース,酒造用原料米,6
dmts,試料,6
影響,蒸米,6
山田錦,影響,6
心白,酵母,6
清酒醸造,酸度,6
使用,清酒醸造,6
アルコール,清酒醸造,6
仕込,場合,6
品質,日本,6
活性,香気成分,6
原料米,測定,6
心白,白米,6
心白,結果,6
タンパク,醸造,6
アルコール,分離,6
白米,結果,6
精米歩合,親株,6
アミラーゼ,相関,6
レストラン,商品,6
結果,蒸米,6
sake,焼酎,6
添加,酸性,6
nan,乳酸菌,6
デンプン,結果,6
相関,結果,6
写真,温度,6
ppm,アセトアルデヒド,6
table,製成酒,6
was,精米歩合,6
アミロース,精米歩合,6
杜氏,火入,6
グルコース,官能評価,6
原料米,試料,6
全国新酒鑑評会,官能評価,6
グルコース,平成,6
平成,試料,6
蔵元,酒造り,6
市場,文化,6
昭和,温度,6
ワイン,使用,6
acid,清酒中,6
アメリカ,世界,6
エステル,添加,6
アミノ,熟成,6
アミノ酸,貯蔵,6
清酒醸造,試料,6
写真,審査,6
fig,乳酸,6
グルテリン,ビール,6
グルテリン,相関,6
アミロース,心白,6
老香,試料,6
アミロース,試料,6
品質,影響,6
ppm,イソアミル,6
moromi,仕込,6
山田錦,杜氏,6
fig,平成,6
and,乳酸菌,6
acid,増加,6
sake,増加,6
カプロン,清酒醸造,6
oryzae,相関,6
fig,貯蔵,6
アミロペクチン,消化性,6
有機酸,清酒酵母,6
培地,生成,6
培地,有機酸,6
リンゴ,製成酒,6
官能評価,着色度,6
五百万石,心白,6
場合,麹,6
仕込,酒造り,6
酒質,酒造り,6
平成,麹菌,6
昭和,麹,6
市場,杜氏,6
蒸米,遺伝子,6
グルテリン,焼酎,6
アルコール,製造方法,6
試料,酒造用原料米,6
濃度,酒造用原料米,6
グルテリン,遺伝子,6
sake,酒造用原料米,6
日本酒,結果,6
純米酒,香味,6
ppm,麹,6
仕込,使用,6
グルテリン,日本酒,6
グルコース,出品酒,6
出品酒,官能評価,6
官能評価,鑑評会,6
fig,乳酸菌,6
アミノ,醸協,6
吟醸酒,醸協,6
熟成,老香,6
五百万石,吸水性,6
sake,成分,6
心白,酒造適性,6
分析,精米,6
acid,酸度,6
場合,精米歩合,6
table,香気成分,6
nan,試料,6
製造方法,酒質,6
カプロン,変異株,6
カプロン酸エチル,変異株,6
活性炭,火入,6
吟醸香,育種,6
and,消化性,6
影響,解析,6
nan,温度,6
使用,酒質,6
アミノ酸,酢酸,6
nan,有機酸,6
小仕込試験,白米,6
蒸米,酒造適性,6
昭和,消化性,6
尿素,清酒酵母,6
tabl,酒造適性,6
アセトアルデヒド,添加,6
酒米,酒造適性,6
アミノ酸,アルコール,6
dna,nan,6
アセトアルデヒド,香気成分,6
吟醸香,香気成分,6
酵素活性,麹,6
焼酎,酒質,6
nan,清酒中,6
品質,酒質,6
清酒酵母,清酒醸造,6
ワイン,遺伝子,6
醤油,醸造,6
五百万石,精米,6
影響,消化性,6
fig,着色度,6
貯蔵,酵素活性,6
fig,増加,6
酒粕,酒質,6
グルコース,生成,6
添加,清酒酵母,6
メーカー,純米酒,6
精米,麹菌,6
and,アミラーゼ,6
and,増加,6
場合,影響,6
moromi,日本酒度,6
tabl,精米,6
アミノ酸,清酒醸造,6
精米,酒造適性,6
清酒中,醸協,6
デンプン,精米,6
老香,香気成分,6
sake,アミラーゼ,6
rice,生成,6
場合,蒸米,6
moromi,麹,6
官能評価,生酒,6
アミノ酸,蒸米,6
温度,結果,6
活性,相関,6
ビール,酒質,6
測定,精米,6
消化性,酵母,6
文化,麹,6
イソアミル,育種,6
was,尿素,6
酒造用原料米,酒造適性,6
ワイン,官能評価,6
酸度,酸性,6
the,醸協,6
アミノ,育種,6
nan,分離,6
アミノ,製造方法,6
nan,the,6
アミノ,成分,6
消化性,酒造用原料米,6
増加,添加,6
日本酒度,清酒酵母,6
アミラーゼ,清酒醸造,6
nan,添加,6
nan,育種,6
tabl,グルコース,6
生酒,醸協,6
消化性,清酒醸造,6
分析,玄米,6
was,分離,6
価格,昭和,6
製成酒,親株,6
成分,香気成分,6
and,アミノ酸,6
杜氏,消費者,6
品質,醤油,6
消化性,酒米,6
リンゴ,仕込,6
プロテアーゼ,仕込,6
nan,玄米,6
影響,温度,6
原料米,吸水性,6
影響,酒造好適米,6
nan,日本酒度,6
親株,醸協,6
海外,酒類,6
焼酎,酒母,6
tabl,プロテアーゼ,6
活性,濃度,6
明治,酒質,6
使用,香気成分,6
添加,酒母,6
場合,酒質,6
グルコース,清酒酵母,6
着色度,試料,6
and,酒類,6
was,酵素活性,6
貯蔵,香味,6
昭和,焼酎,6
酒造適性,麹菌,6
sake,乳酸,6
温度,酸度,6
and,酵素活性,6
仕込,醸協,6
table,白米,6
研究,醤油,6
sake,活性,6
was,仕込,6
エチル,清酒中,6
アミノ,精米,6
was,貯蔵,5
商品,火入,5
写真,出品酒,5
イソアミル,小仕込試験,5
品質,熟成,5
イソアミル,協会,5
アミラーゼ,研究,5
カプロン酸エチル,グルコース,5
イソアミル,官能評価,5
文化,昭和,5
市場,温度,5
日目,蒸米,5
アミノ酸,官能評価,5
ビール,明治,5
結果,酸性,5
文化,酒質,5
アミノ酸,吟醸酒,5
市場,火入,5
熟成,酒質,5
ワイン,価格,5
協会,育種,5
アセトアルデヒド,酒類,5
増加,精米歩合,5
五百万石,清酒,5
増加,影響,5
アミノ酸,純米酒,5
日本酒度,精米歩合,5
酒質,酒造適性,5
日本酒度,蒸米,5
玄米,蒸米,5
アルコール,原料米,5
仕込,協会,5
昭和,火入,5
oryzae,清酒醸造,5
生成,貯蔵,5
相関,純米酒,5
場合,酢酸,5
酒母,酒造り,5
消費者,火入,5
明治,酒母,5
fig,酒粕,5
ワイン,飲酒,5
価格,日本,5
活性,清酒酵母,5
リンゴ,日本酒,5
商品,精米歩合,5
sake,ペプチド,5
sake,グルコース,5
乳酸菌,清酒酵母,5
アミラーゼ,醸協,5
アミロース,清酒,5
写真,歴史,5
sake,日本酒度,5
アルコール,親株,5
アミノ酸,試料,5
酒質,香味,5
アミラーゼ,酒質,5
変異株,平成,5
品質,試料,5
was,アルコール,5
平成,精米,5
プロテアーゼ,醸造,5
商品,料理,5
リンゴ,活性,5
試料,醸造,5
仕込,影響,5
清酒醸造,醸協,5
日本,発酵,5
and,酒母,5
dmts,着色度,5
ワイン,純米酒,5
グルコース,プロテアーゼ,5
昭和,清酒醸造,5
デンプン,製造方法,5
料理,酒質,5
品質,結果,5
杜氏,歴史,5
影響,結果,5
moromi,table,5
グルコース,活性,5
結果,酒造り,5
sake,清酒醸造,5
場合,試料,5
精米歩合,酵素活性,5
蒸米,酒米,5
moromi,酢酸,5
文化,醸造,5
tabl,活性,5
相関,貯蔵,5
tabl,酵素活性,5
結果,酒造用原料米,5
アルコール,イソアミル,5
貯蔵,酒質,5
消費者,醤油,5
rice,アルコール,5
was,グルコース,5
moromi,エチル,5
グルコアミラーゼ,結果,5
影響,測定,5
プロテアーゼ,官能評価,5
日本酒度,測定,5
料理,酸度,5
平成,歴史,5
エチル,日本,5
清酒醸造,酢酸,5
the,変異株,5
白米,酒米,5
吟醸香,生成,5
測定,酵素活性,5
吟醸香,親株,5
変異株,官能評価,5
官能評価,清酒酵母,5
変異株,香気成分,5
アミノ,カプロン,5
五百万石,解析,5
nan,心白,5
醸協,麹,5
アミロペクチン,発酵,5
the,協会,5
アミノ酸,老香,5
変異株,遺伝子,5
and,麹菌,5
ワイン,出品酒,5
グルコース,有機酸,5
nan,tabl,5
table,酸度,5
活性炭,添加,5
ppm,醸協,5
白米,酒母,5
平成,酒造用原料米,5
ビール,酒造好適米,5
ビール,製造方法,5
dna,日本酒,5
ビール,結果,5
グルコアミラーゼ,麹,5
清酒,酒造用原料米,5
仕込,酒粕,5
グルコアミラーゼ,焼酎,5
活性,醸造,5
グルコアミラーゼ,分析,5
日本酒,試料,5
アミロース,影響,5
分離,醸協,5
ワイン,発酵,5
デンプン,酒米,5
アミロース,タンパク,5
acid,親株,5
ppm,リンゴ,5
リンゴ,変異株,5
グルテリン,ワイン,5
清酒中,温度,5
有機酸,育種,5
有機酸,親株,5
品種,酸性,5
発酵,研究,5
玄米,酒米,5
添加,熟成,5
dna,the,5
dmts,生成,5
中国,焼酎,5
活性,酢酸,5
sake,醸協,5
dmts,添加,5
熟成,鑑評会,5
吟醸酒,海外,5
濃度,老香,5
品質,海外,5
品種,温度,5
エチル,老香,5
アミロース,温度,5
アミロペクチン,温度,5
エステル,貯蔵,5
品質,濃度,5
濃度,醸造,5
sake,酒造適性,5
was,培地,5
sake,ワイン,5
タンパク,清酒酵母,5
グルコース,清酒醸造,5
酒母,酒造好適米,5
商品,酸度,5
tabl,分析,5
吟醸酒,育種,5
dmts,酢酸,5
was,影響,5
エステル,清酒中,5
老香,酢酸,5
濃度,麹菌,5
成分,純米酒,5
品質,輸出,5
グルコアミラーゼ,濃度,5
グルコアミラーゼ,影響,5
料理,海外,5
平成,麹,5
was,グルコアミラーゼ,5
出品酒,山田錦,5
価格,精米歩合,5
使用,火入,5
リンゴ,焼酎,5
and,酸性,5
tabl,増加,5
and,グルコアミラーゼ,5
and,吟醸酒,5
メーカー,写真,5
acid,育種,5
使用,焼酎,5
acid,変異株,5
審査,消費者,5
分析,濃度,5
分析,酒粕,5
吟醸香,昭和,5
グルテリン,白米,5
sake,香味,5
変異株,昭和,5
分析,酒造用原料米,5
メーカー,香味,5
アミロペクチン,酒造用原料米,5
日本酒度,醸協,5
rice,カプロン酸エチル,5
日本酒度,昭和,5
心白,消化性,5
fig,焼酎,5
官能評価,酒類,5
昭和,育種,5
官能評価,活性炭,5
出品酒,試料,5
カプロン,試料,5
リンゴ,酒母,5
歴史,製造方法,5
リンゴ,酢酸,5
製成酒,酒造好適米,5
育種,製成酒,5
山田錦,育種,5
添加,試料,5
アミロペクチン,タンパク,5
協会,香気成分,5
原料米,酒米,5
全国新酒鑑評会,試料,5
歴史,酒造り,5
熟成,酢酸,5
測定,発酵,5
アルコール,研究,5
明治,焼酎,5
was,試料,5
平成,清酒酵母,5
ppm,乳酸菌,5
グルコース,影響,5
出品酒,活性炭,5
sake,消化性,5
仕込,清酒酵母,5
nan,グルテリン,5
全国新酒鑑評会,濃度,5
デンプン,心白,5
香気成分,麹,5
アミノ,試料,5
分離,日本酒度,5
尿素,麹菌,5
平成,鑑評会,5
エチル,育種,5
写真,麹,5
白米,酸性,5
焼酎,麹,5
明治,飲酒,5
写真,発酵,5
中国,酒類,5
精米歩合,育種,5
グルコアミラーゼ,白米,5
製成酒,酒粕,5
アミノ酸,原料米,5
相関,酒質,5
メーカー,ワイン,5
清酒中,酸度,5
エチル,審査,5
アセトアルデヒド,影響,5
and,酒造好適米,5
尿素,酸度,5
焼酎,飲酒,5
使用,貯蔵,5
生成,酵素活性,5
アミノ,清酒中,5
アミノ,小仕込試験,5
rice,解析,5
ペプチド,乳酸菌,5
tabl,吸水性,5
乳酸菌,清酒醸造,5
tabl,有機酸,5
着色度,酸度,5
ワイン,香気成分,5
dmts,相関,5
moromi,醸造,5
tabl,吟醸酒,5
グルコアミラーゼ,酸度,5
増加,発酵,5
活性炭,香気成分,5
プロテアーゼ,品質,5
ppm,育種,5
写真,酒質,5
ppm,培地,5
山田錦,製成酒,5
影響,添加,5
アミノ,消費者,5
エチル,変異株,5
発酵,酒造好適米,5
アルコール,ビール,5
ppm,変異株,5
tabl,カプロン酸エチル,5
品質,酒母,5
and,日目,5
acid,カプロン,5
昭和,蔵元,5
分離,添加,5
nan,影響,5
acid,添加,5
相関,醸造,5
商品,醸造,5
アセトアルデヒド,場合,5
写真,鑑評会,5
協会,醸協,5
使用,醸造,5
tabl,カプロン,5
仕込,培地,5
dna,イソアミル,5
カプロン酸エチル,平成,5
カプロン,香味,5
精米歩合,鑑評会,5
乳酸菌,培地,5
品質,活性炭,5
培地,香気成分,5
tabl,酢酸,5
was,乳酸菌,5
タンパク,測定,5
研究,結果,5
山田錦,測定,5
精米歩合,製造方法,5
アミノ酸,製成酒,5
製造方法,酢酸,5
歴史,海外,5
審査,海外,5
発酵,相関,5
アミノ,親株,5
fig,酒母,5
日本,飲酒,5
平成,相関,5
消化性,酸性,5
tabl,生成,5
全国新酒鑑評会,酵母,5
出品酒,蔵元,5
出品酒,純米酒,5
原料米,製成酒,5
グルコアミラーゼ,清酒醸造,5
oryzae,酸性,5
dna,醸造,5
グルコアミラーゼ,測定,5
昭和,相関,5
相関,精米歩合,5
杜氏,蒸米,5
乳酸,生成,5
the,熟成,5
イソアミル,日本酒度,5
日本酒,火入,5
五百万石,精米歩合,5
アミラーゼ,消化性,5
影響,酒類,5
デンプン,活性,5
グルコース,製造方法,5
アミノ酸,カプロン酸エチル,5
世界,審査,5
nan,成分,5
原料米,濃度,5
dna,清酒,5
解析,酒類,5
白米,醸協,5
デンプン,焼酎,5
解析,酒造好適米,5
and,品質,5
遺伝子,酒造適性,5
the,温度,5
tabl,醸協,5
添加,白米,5
影響,焼酎,5
協会,吟醸酒,5
結果,酒類,5
oryzae,酒母,5
アルコール,結果,5
アルコール,解析,5
蔵元,酒造好適米,5
アルコール,麹,5
分離,清酒醸造,5
生酒,純米酒,5
グルテリン,酒類,5
温度,麹菌,5
遺伝子,酸性,5
精米,醸協,5
エチル,有機酸,5
市場,技術,5
was,製成酒,5
fig,有機酸,5
レストラン,吟醸酒,5
アメリカ,蔵元,5
吟醸酒,酒粕,5
table,精米,5
タンパク,日本酒,5
吟醸酒,活性炭,5
エチル,場合,5
nan,市場,5
日本,麹菌,5
出品酒,酸度,5
酒造好適米,醸造,5
カプロン,清酒中,5
rice,活性炭,5
fig,ppm,5
活性炭,白米,5
吸水性,酒造用原料米,5
sake,グルテリン,5
乳酸,相関,5
グルコース,審査,5
table,清酒酵母,5
nan,カプロン,5
消費者,飲酒,5
熟成,相関,5
エチル,仕込,5
世界,焼酎,5
fig,発酵,5
焼酎,研究,5
アミロース,活性,5
写真,蒸米,5
酒造好適米,酒類,5
使用,吟醸酒,5
成分,清酒中,5
acid,酒質,5
世界,料理,5
ppm,協会,5
写真,貯蔵,5
ビール,輸出,5
文化,酒類,5
輸出,酒類,5
アミノ,アルコール,5
火入,酸度,5
平成,酢酸,5
杜氏,麹菌,5
貯蔵,酢酸,5
プロテアーゼ,遺伝子,5
活性,玄米,5
リンゴ,協会,5
世界,品質,5
アルコール,グルコース,5
ビール,文化,5
中国,品質,5
吟醸酒,温度,5
吟醸酒,麹,5
原料米,生成,5
was,生成,5
玄米,酒粕,5
グルコアミラーゼ,蒸米,5
acid,dmts,5
火入,醤油,5
カプロン酸エチル,リンゴ,5
活性炭,酵母,5
原料米,香気成分,5
グルテリン,酸性,5
分析,酸度,5
原料米,温度,5
日本酒,酒造用原料米,5
輸出,酒質,5
sake,火入,5
dmts,アミノ酸,5
ペプチド,有機酸,5
ppm,生酒,5
原料米,香味,5
moromi,官能評価,5
アセトアルデヒド,官能評価,5
消費者,添加,5
品種,醸協,5
料理,焼酎,5
五百万石,酒造適性,5
グルテリン,使用,5
官能評価,料理,5
清酒醸造,温度,5
カプロン,焼酎,5
エチル,焼酎,5
アセトアルデヒド,消費者,5
酒造適性,酸度,5
sake,温度,5
官能評価,昭和,5
有機酸,製成酒,5
acid,貯蔵,5
ppm,酒母,5
発酵,解析,5
添加,蒸米,5
日本酒度,香気成分,5
oryzae,酒質,5
and,尿素,5
table,アミノ酸,5
清酒醸造,酒米,5
貯蔵,鑑評会,5
the,飲酒,5
生成,麹,5
nan,アルコール,5
消化性,測定,5
世界,酒類,5
タンパク,ペプチド,5
メーカー,熟成,5
審査,輸出,5
消化性,清酒,5
成分,測定,5
心白,遺伝子,5
グルコース,温度,5
結果,親株,5
精米歩合,遺伝子,5
nan,was,5
世界,清酒,5
分析,酒類,5
アルコール,平成,5
有機酸,添加,5
品種,相関,5
試料,酒造適性,5
プロテアーゼ,白米,5
平成,酒母,5
測定,結果,5
sake,審査,5
山田錦,発酵,5
培地,酒母,5
世界,飲酒,5
心白,玄米,5
rice,香気成分,5
使用,日本酒度,5
rice,添加,5
温度,麹,5
the,日本酒,5
原料米,小仕込試験,5
添加,焼酎,5
生成,酸度,5
商品,技術,4
分離,結果,4
協会,製造方法,4
価格,海外,4
分離,醤油,4
白米,製造方法,4
白米,麹菌,4
アミラーゼ,焼酎,4
fig,アルコール,4
acid,タンパク,4
アミラーゼ,麹,4
sake,蒸米,4
oryzae,醸造,4
焼酎,酒造好適米,4
消化性,解析,4
グルテリン,分析,4
価格,香味,4
アミラーゼ,ビール,4
fig,酵素活性,4
dmts,濃度,4
仕込,醤油,4
吟醸酒,文化,4
品質,官能評価,4
山田錦,酒類,4
ワイン,清酒酵母,4
成分,酸度,4
純米酒,飲酒,4
山田錦,醸造,4
乳酸,増加,4
ペプチド,酒粕,4
蒸米,酵素活性,4
グルコース,変異株,4
酒粕,麹,4
精米,醸造,4
グルテリン,醸造,4
親株,醤油,4
尿素,酒母,4
五百万石,影響,4
品質,審査,4
品種,焼酎,4
価格,文化,4
デンプン,解析,4
研究,親株,4
明治,酵母,4
結果,醤油,4
製造方法,醸造,4
五百万石,麹,4
分析,遺伝子,4
アミノ酸,グルコース,4
仕込,温度,4
ワイン,酒造好適米,4
世界,市場,4
日目,酒質,4
was,相関,4
世界,価格,4
ワイン,品質,4
製成酒,麹,4
発酵,飲酒,4
乳酸菌,有機酸,4
ppm,貯蔵,4
分析,酒質,4
焼酎,親株,4
品種,醸造,4
分析,発酵,4
酵母,醤油,4
焼酎,醤油,4
品質,純米酒,4
吸水性,影響,4
添加,酒質,4
変異株,醸協,4
乳酸菌,増加,4
品種,麹,4
エチル,鑑評会,4
ppm,影響,4
and,老香,4
日目,製成酒,4
fig,熟成,4
カプロン,鑑評会,4
鑑評会,香気成分,4
発酵,醤油,4
table,乳酸,4
酸度,鑑評会,4
酒粕,酒造用原料米,4
アミロース,発酵,4
温度,試料,4
温度,発酵,4
rice,グルコース,4
デンプン,温度,4
リンゴ,ワイン,4
tabl,グルコアミラーゼ,4
アミロース,酒質,4
the,解析,4
清酒酵母,醸造,4
乳酸,清酒酵母,4
アルコール,歴史,4
アミロペクチン,酒質,4
グルコース,歴史,4
協会,平成,4
乳酸,分離,4
焼酎,試料,4
清酒酵母,濃度,4
oryzae,精米歩合,4
アミノ,ワイン,4
焼酎,蒸米,4
発酵,蒸米,4
nan,イソアミル,4
製成酒,醸協,4
発酵,試料,4
レストラン,焼酎,4
山田錦,日本酒度,4
温度,酒造適性,4
レストラン,歴史,4
tabl,清酒酵母,4
山田錦,明治,4
変異株,発酵,4
商品,熟成,4
精米歩合,貯蔵,4
ppm,ペプチド,4
グルコース,仕込,4
ppm,蒸米,4
貯蔵,醸協,4
影響,製成酒,4
rice,ペプチド,4
rice,分離,4
乳酸,酒母,4
仕込,増加,4
カプロン酸エチル,酒造好適米,4
was,醸造,4
acid,測定,4
エチル,消費者,4
イソアミル,遺伝子,4
ppm,日本酒,4
ppm,消費者,4
アセトアルデヒド,エチル,4
was,品質,4
アセトアルデヒド,カプロン,4
消費者,酢酸,4
増加,有機酸,4
清酒酵母,研究,4
アミロペクチン,清酒,4
アセトアルデヒド,試料,4
ビール,プロテアーゼ,4
アセトアルデヒド,酢酸,4
育種,醸協,4
老香,酸度,4
仕込,麹,4
nan,着色度,4
歴史,解析,4
吟醸酒,清酒酵母,4
グルコアミラーゼ,精米歩合,4
分離,精米歩合,4
日本酒,酢酸,4
乳酸菌,蒸米,4
平成,製造方法,4
審査,生酒,4
日本酒,添加,4
吟醸香,濃度,4
イソアミル,濃度,4
アミノ,協会,4
日目,清酒酵母,4
nan,親株,4
アミラーゼ,玄米,4
nan,生成,4
アミロース,玄米,4
カプロン,消費者,4
酵母,香味,4
仕込,酢酸,4
アミノ酸,変異株,4
分離,研究,4
カプロン酸エチル,清酒醸造,4
アルコール,カプロン酸エチル,4
fig,飲酒,4
oryzae,プロテアーゼ,4
エチル,清酒醸造,4
fig,酒類,4
精米,結果,4
活性,試料,4
協会,酢酸,4
五百万石,試料,4
吟醸酒,酒米,4
乳酸,仕込,4
五百万石,測定,4
吟醸酒,歴史,4
グルコース,純米酒,4
oryzae,酒造適性,4
濃度,純米酒,4
and,飲酒,4
酒粕,醸造,4
moromi,清酒酵母,4
moromi,香気成分,4
吟醸酒,研究,4
写真,白米,4
製成酒,貯蔵,4
sake,乳酸菌,4
and,清酒中,4
分離,焼酎,4
アミノ酸,グルテリン,4
メーカー,海外,4
分離,品質,4
リンゴ,醤油,4
小仕込試験,酢酸,4
リンゴ,結果,4
moromi,アミノ酸,4
リンゴ,研究,4
アルコール,醤油,4
tabl,リンゴ,4
リンゴ,醸協,4
カプロン,有機酸,4
影響,飲酒,4
グルコアミラーゼ,山田錦,4
技術,火入,4
moromi,品質,4
温度,解析,4
文化,明治,4
酒造り,酒造用原料米,4
ビール,歴史,4
協会,製成酒,4
技術,酒造り,4
場合,温度,4
場合,着色度,4
dna,消費者,4
精米,酒質,4
グルテリン,ペプチド,4
品質,解析,4
グルコース,麹,4
グルコース,品質,4
杜氏,酸度,4
dna,酒造り,4
消費者,酒造り,4
有機酸,活性,4
写真,商品,4
文化,飲酒,4
and,全国新酒鑑評会,4
仕込,日本酒,4
ppm,活性,4
酒造用原料米,醸造,4
技術,純米酒,4
ppm,有機酸,4
五百万石,温度,4
五百万石,酒造り,4
and,リンゴ,4
日本酒,白米,4
ペプチド,遺伝子,4
nan,酒粕,4
温度,酒造好適米,4
酒粕,麹菌,4
全国新酒鑑評会,活性炭,4
温度,酒造用原料米,4
and,出品酒,4
moromi,原料米,4
tabl,濃度,4
ppm,結果,4
アミロース,五百万石,4
研究,育種,4
sake,日目,4
moromi,酒母,4
出品酒,焼酎,4
官能評価,酒造適性,4
グルコース,試料,4
fig,酒造好適米,4
尿素,製成酒,4
活性炭,生酒,4
出品酒,輸出,4
使用,生酒,4
dna,使用,4
fig,活性,4
審査,文化,4
濃度,結果,4
増加,日目,4
増加,活性,4
日目,香気成分,4
dna,エステル,4
アミラーゼ,清酒酵母,4
アミラーゼ,測定,4
吟醸酒,場合,4
fig,清酒中,4
温度,酵母,4
吟醸酒,遺伝子,4
小仕込試験,精米歩合,4
場合,日目,4
審査,焼酎,4
エステル,使用,4
出品酒,海外,4
グルコアミラーゼ,酒類,4
生酒,酵母,4
アセトアルデヒド,成分,4
was,日目,4
was,プロテアーゼ,4
エステル,発酵,4
アミロース,精米,4
tabl,成分,4
ペプチド,清酒酵母,4
tabl,着色度,4
審査,日本,4
fig,仕込,4
fig,table,4
仕込,親株,4
出品酒,文化,4
dna,酢酸,4
プロテアーゼ,原料米,4
sake,純米酒,4
審査,料理,4
ビール,吟醸酒,4
活性,消化性,4
成分,麹菌,4
成分,酵母,4
成分,酒類,4
プロテアーゼ,製成酒,4
仕込,原料米,4
有機酸,濃度,4
蒸米,酒造り,4
研究,遺伝子,4
純米酒,醸協,4
デンプン,プロテアーゼ,4
中国,清酒,4
タンパク,平成,4
タンパク,醸協,4
品種,平成,4
dna,育種,4
平成,酒造適性,4
白米,酒造適性,4
ペプチド,製成酒,4
ペプチド,清酒醸造,4
活性,酒造適性,4
レストラン,純米酒,4
添加,麹,4
活性,貯蔵,4
グルコース,酸性,4
グルコース,製成酒,4
リンゴ,酵素活性,4
グルコース,乳酸,4
成分,遺伝子,4
アミノ,酒造適性,4
アミノ,乳酸,4
エステル,増加,4
測定,酸度,4
有機酸,測定,4
dna,活性,4
グルテリン,清酒醸造,4
アメリカ,吟醸酒,4
エチル,ペプチド,4
海外,酒質,4
アミノ,焼酎,4
貯蔵,酵母,4
nan,遺伝子,4
was,清酒中,4
the,グルテリン,4
吟醸酒,麹菌,4
メーカー,輸出,4
影響,酒造適性,4
アミノ,エチル,4
写真,酵母,4
写真,測定,4
デンプン,影響,4
acid,老香,4
グルコース,蒸米,4
場合,酒母,4
結果,酒米,4
アミロペクチン,原料米,4
価格,純米酒,4
生酒,精米歩合,4
アミロペクチン,影響,4
製成酒,酸性,4
清酒中,清酒醸造,4
日本酒,親株,4
影響,着色度,4
ビール,料理,4
平成,焼酎,4
アミノ,酒粕,4
酒造り,鑑評会,4
品種,測定,4
エステル,歴史,4
グルコース,原料米,4
使用,添加,4
品質,歴史,4
グルコース,測定,4
イソアミル,酒質,4
イソアミル,添加,4
吟醸酒,有機酸,4
日本酒,麹,4
品質,酢酸,4
研究,醸協,4
技術,日本,4
使用,平成,4
乳酸,酢酸,4
吟醸酒,製造方法,4
消化性,麹菌,4
the,ワイン,4
and,生成,4
アミラーゼ,生成,4
生成,遺伝子,4
tabl,親株,4
文化,酢酸,4
昭和,輸出,4
蒸米,麹,4
the,遺伝子,4
アミロペクチン,酒造好適米,4
tabl,生酒,4
ビール,場合,4
tabl,測定,4
中国,酢酸,4
審査,酵母,4
杜氏,焼酎,4
料理,杜氏,4
ビール,影響,4
エステル,焼酎,4
and,蒸米,4
火入,酒造り,4
使用,山田錦,4
エチル,グルコース,4
使用,温度,4
中国,香気成分,4
使用,酒母,4
使用,麹,4
白米,酒類,4
グルテリン,蒸米,4
グルコアミラーゼ,香気成分,4
グルコース,全国新酒鑑評会,4
カプロン,グルコース,4
カプロン酸エチル,日本酒度,4
写真,官能評価,4
影響,遺伝子,4
使用,昭和,4
was,精米,4
acid,仕込,4
世界,出品酒,4
研究,解析,4
清酒醸造,製造方法,4
アミノ,昭和,4
アルコール,日本酒度,4
dna,品種,4
dna,ワイン,4
純米酒,酒造好適米,4
エステル,品質,4
エステル,中国,4
ワイン,麹菌,4
測定,相関,4
was,玄米,4
分析,原料米,4
尿素,測定,4
and,タンパク,4
and,品種,4
and,山田錦,4
清酒中,酢酸,4
ppm,製成酒,4
table,タンパク,4
table,酒造好適米,4
was,タンパク,4
sake,プロテアーゼ,4
dna,酒母,4
分析,成分,4
白米,純米酒,4
添加,酒類,4
イソアミル,精米歩合,4
文化,香気成分,4
増加,日本酒,4
エステル,文化,4
清酒酵母,酒類,4
歴史,香気成分,4
アミロース,酵母,4
タンパク,貯蔵,4
精米,遺伝子,4
アミノ,醸造,4
アミロース,結果,4
メーカー,白米,4
蒸米,酒造用原料米,4
酒造好適米,醸協,4
ワイン,審査,4
玄米,醸協,4
デンプン,醸協,4
遺伝子,酢酸,4
エチル,酒母,4
世界,写真,4
アミラーゼ,吟醸酒,4
カプロン,仕込,4
アミラーゼ,酒母,4
アミノ,結果,4
平成,技術,4
tabl,乳酸,4
変異株,麹菌,4
出品酒,香気成分,4
acid,酵素活性,4
table,発酵,4
審査,濃度,4
アミノ,五百万石,4
table,グルテリン,4
酵素活性,醸協,4
写真,吟醸酒,4
文化,発酵,4
酒質,鑑評会,4
写真,酒類,4
tabl,添加,4
and,日本酒度,4
全国新酒鑑評会,杜氏,4
熟成,酸性,4
乳酸菌,酒質,4
清酒中,酸性,4
nan,製造方法,4
清酒中,熟成,4
生酒,香気成分,4
審査,香気成分,4
エステル,酸性,4
尿素,醸協,4
dmts,酸性,4
dmts,清酒中,4
研究,麹,4
製成酒,酵素活性,4
tabl,清酒中,4
アミノ,測定,4
消化性,相関,4
五百万石,相関,4
メーカー,生酒,4
審査,明治,4
変異株,醸造,4
rice,酸性,4
杜氏,精米歩合,4
日本,消費者,4
小仕込試験,尿素,4
カプロン,平成,4
清酒醸造,酵素活性,4
アルコール,清酒酵母,4
tabl,五百万石,4
使用,酵素活性,4
ペプチド,清酒中,4
ペプチド,酒母,4
乳酸菌,添加,4
日目,昭和,4
成分,有機酸,4
was,酒粕,4
場合,生酒,4
技術,酵母,4
table,酒粕,4
吟醸香,酸度,4
場合,酒米,4
アミロース,遺伝子,4
平成,純米酒,4
写真,熟成,4
影響,濃度,4
グルコアミラーゼ,生酒,4
was,酸性,4
五百万石,活性,4
五百万石,麹菌,4
写真,消費者,4
写真,品質,4
メーカー,温度,4
酒造好適米,酵素活性,4
濃度,熟成,4
精米,酸度,4
エチル,熟成,4
活性,酒米,4
玄米,醸造,4
心白,育種,4
and,火入,4
親株,酒質,4
エステル,老香,4
変異株,酒質,4
タンパク,酸度,4
尿素,生成,4
エステル,濃度,4
市場,熟成,4
fig,心白,4
吟醸香,審査,4
市場,貯蔵,4
日目,精米歩合,4
the,火入,4
ビール,使用,4
タンパク,使用,4
平成,酒粕,4
デンプン,酒母,4
活性炭,発酵,4
酒質,酵素活性,4
商品,生酒,4
商品,醸協,4
table,貯蔵,4
活性炭,精米,4
酒米,酒質,4
品質,酒粕,4
品質,精米,4
濃度,玄米,4
仕込,試料,4
仕込,活性炭,4
生酒,酸性,4
精米,酒母,4
生酒,酵素活性,4
濃度,酸性,4
温度,鑑評会,4
心白,昭和,4
tabl,発酵,4
影響,生成,4
エチル,培地,4
リンゴ,精米歩合,4
table,酒母,4
吟醸酒,生成,4
活性炭,老香,4
尿素,日本,4
エチル,麹菌,4
場合,酸度,4
平成,酒造り,4
精米歩合,酸性,4
世界,昭和,4
文化,清酒,4
アミノ,デンプン,4
日本酒度,清酒醸造,4
タンパク,香気成分,4
アミノ酸,清酒酵母,4
吸水性,清酒醸造,4
rice,エチル,4
濃度,醸協,4
アミノ,料理,4
アミノ酸,精米歩合,4
日本酒,生酒,4
使用,醸協,4
エステル,変異株,4
dna,品質,4
吸水性,昭和,4
アミラーゼ,品質,4
アミラーゼ,変異株,4
生酒,香味,4
プロテアーゼ,昭和,4
and,ペプチド,4
変異株,研究,4
tabl,変異株,4
品質,育種,4
変異株,日本酒,4
変異株,技術,4
nan,活性,4
品質,変異株,4
nan,酒造適性,4
プロテアーゼ,研究,4
rice,使用,4
プロテアーゼ,日本酒,4
エステル,吟醸酒,4
プロテアーゼ,技術,4
プロテアーゼ,平成,4
プロテアーゼ,変異株,4
rice,吟醸酒,4
アミラーゼ,日本酒,4
吟醸酒,試料,4
培地,官能評価,4
アミラーゼ,技術,4
商品,日本酒度,4
日本酒,日本酒度,4
アミラーゼ,平成,4
rice,グルコアミラーゼ,4
活性炭,熟成,4
品質,遺伝子,4
影響,酒質,4
fig,醸造,4
分析,香気成分,4
増加,純米酒,4
分離,官能評価,4
sake,品種,4
蒸米,製成酒,4
測定,玄米,4
協会,山田錦,4
oryzae,蒸米,4
sake,デンプン,4
明治,酒造り,4
分離,吟醸香,4
oryzae,酒粕,4
小仕込試験,生成,4
精米,製造方法,4
五百万石,清酒醸造,4
日本酒,醤油,4
acid,吟醸酒,4
acid,エチル,4
仕込,明治,4
昭和,生成,4
山田錦,香気成分,4
分離,麹,4
was,酒質,4
火入,生成,4
酵母,酵素活性,4
アミノ酸,添加,4
fig,吸水性,4
写真,純米酒,4
活性,醸協,4
出品酒,香味,4
製造方法,酒母,4
日本酒度,酒母,4
日本酒,濃度,4
審査,香味,4
技術,酒母,4
昭和,酒造適性,4
平成,消化性,4
アミラーゼ,酒米,4
tabl,平成,4
有機酸,清酒醸造,3
タンパク,生成,3
プロテアーゼ,生成,3
プロテアーゼ,酒類,3
山田錦,酒造り,3
平成,火入,3
原料米,火入,3
成分,昭和,3
プロテアーゼ,影響,3
熟成,酵母,3
技術,明治,3
カプロン,タンパク,3
料理,麹菌,3
仕込,酵素活性,3
アミノ,酒類,3
商品,飲酒,3
平成,日本酒度,3
原料米,熟成,3
商品,歴史,3
酒造り,麹菌,3
アメリカ,醸造,3
生成,精米歩合,3
プロテアーゼ,添加,3
成分,濃度,3
acid,清酒醸造,3
結果,香気成分,3
官能評価,活性,3
製造方法,酒米,3
ペプチド,仕込,3
ペプチド,培地,3
成分,麹,3
分析,精米歩合,3
分析,清酒醸造,3
温度,濃度,3
oryzae,影響,3
タンパク,試料,3
nan,rice,3
品質,成分,3
清酒中,結果,3
アミラーゼ,仕込,3
玄米,酒造適性,3
アミラーゼ,酸度,3
アメリカ,中国,3
仕込,尿素,3
レストラン,世界,3
レストラン,中国,3
ワイン,中国,3
清酒酵母,酒粕,3
プロテアーゼ,清酒中,3
プロテアーゼ,尿素,3
遺伝子,飲酒,3
白米,酵素活性,3
the,使用,3
グルテリン,製成酒,3
商品,杜氏,3
酒類,鑑評会,3
moromi,小仕込試験,3
成分,焼酎,3
成分,製造方法,3
山田錦,貯蔵,3
使用,製造方法,3
純米酒,酒類,3
原料米,添加,3
グルテリン,小仕込試験,3
dna,培地,3
グルテリン,酒米,3
プロテアーゼ,酒造好適米,3
製成酒,酒米,3
添加,清酒醸造,3
ペプチド,官能評価,3
was,香気成分,3
審査,市場,3
メーカー,蔵元,3
メーカー,日本,3
グルテリン,プロテアーゼ,3
アメリカ,商品,3
was,添加,3
タンパク,酵素活性,3
世界,醸造,3
日本,純米酒,3
tabl,品質,3
ppm,山田錦,3
原料米,貯蔵,3
生成,麹菌,3
玄米,貯蔵,3
fig,グルコース,3
純米酒,結果,3
ppm,純米酒,3
イソアミル,有機酸,3
増加,山田錦,3
グルコース,山田錦,3
ppm,グルコース,3
消化性,遺伝子,3
acid,精米歩合,3
測定,着色度,3
アミラーゼ,精米,3
アミロペクチン,心白,3
デンプン,相関,3
デンプン,ビール,3
デンプン,麹,3
プロテアーゼ,麹,3
山田錦,焼酎,3
グルコアミラーゼ,精米,3
焼酎,生成,3
グルコアミラーゼ,生成,3
カプロン,解析,3
原料米,増加,3
五百万石,平成,3
グルテリン,酸度,3
玄米,麹,3
成分,結果,3
濃度,着色度,3
ppm,成分,3
ppm,原料米,3
解析,酒母,3
乳酸菌,仕込,3
乳酸菌,発酵,3
清酒醸造,麹,3
乳酸菌,麹,3
中国,昭和,3
成分,飲酒,3
酵母,鑑評会,3
acid,moromi,3
仕込,酸性,3
影響,相関,3
sake,蔵元,3
香気成分,麹菌,3
酒造適性,酸性,3
グルテリン,麹,3
精米歩合,解析,3
エチル,昭和,3
dna,sake,3
グルコース,清酒中,3
table,小仕込試験,3
sake,使用,3
table,乳酸菌,3
and,平成,3
技術,酸度,3
moromi,リンゴ,3
乳酸,醸協,3
moromi,日目,3
tabl,アミノ酸,3
グルテリン,デンプン,3
グルテリン,解析,3
心白,解析,3
精米,解析,3
日本酒,酒粕,3
官能評価,麹,3
平成,蒸米,3
acid,イソアミル,3
sake,酒米,3
nan,製成酒,3
アミロース,酒米,3
平成,清酒醸造,3
吟醸香,官能評価,3
イソアミル,解析,3
イソアミル,タンパク,3
アセトアルデヒド,清酒中,3
明治,酒米,3
杜氏,酒米,3
育種,酒質,3
acid,エステル,3
影響,香気成分,3
日目,酸性,3
sake,市場,3
nan,相関,3
タンパク,着色度,3
アミノ酸,山田錦,3
全国新酒鑑評会,麹菌,3
アミノ酸,活性,3
ペプチド,原料米,3
ペプチド,活性,3
ペプチド,香気成分,3
原料米,焼酎,3
and,nan,3
グルコース,醸造,3
tabl,培地,3
仕込,有機酸,3
乳酸,日目,3
親株,解析,3
ペプチド,麹菌,3
増加,麹,3
acid,活性,3
グルコース,リンゴ,3
グルコース,分離,3
乳酸,培地,3
ペプチド,親株,3
乳酸,育種,3
tabl,蒸米,3
dna,山田錦,3
table,酒質,3
出品酒,酵母,3
アメリカ,純米酒,3
分析,小仕込試験,3
清酒酵母,製造方法,3
仕込,結果,3
玄米,製成酒,3
官能評価,山田錦,3
仕込,山田錦,3
仕込,小仕込試験,3
アミラーゼ,解析,3
グルコアミラーゼ,グルコース,3
グルコアミラーゼ,解析,3
仕込,分析,3
acid,グルコアミラーゼ,3
審査,日本酒度,3
アミラーゼ,官能評価,3
rice,カプロン,3
場合,日本酒度,3
エチル,日本酒度,3
エチル,発酵,3
カプロン,日本酒度,3
アメリカ,昭和,3
日本酒度,酢酸,3
商品,焼酎,3
昭和,生酒,3
dmts,活性炭,3
商品,文化,3
清酒醸造,香味,3
成分,日本酒,3
タンパク,酒母,3
原料米,明治,3
明治,精米,3
官能評価,酒粕,3
カプロン,日目,3
カプロン,相関,3
エチル,平成,3
メーカー,杜氏,3
生成,結果,3
吸水性,玄米,3
山田錦,生成,3
影響,日本酒,3
小仕込試験,香気成分,3
acid,香気成分,3
エチル,相関,3
ワイン,杜氏,3
小仕込試験,結果,3
小仕込試験,山田錦,3
平成,明治,3
乳酸,親株,3
世界,商品,3
測定,貯蔵,3
協会,生成,3
増加,測定,3
成分,清酒醸造,3
杜氏,香味,3
白米,香気成分,3
活性炭,純米酒,3
エステル,清酒酵母,3
カプロン,遺伝子,3
タンパク,吟醸香,3
分析,清酒中,3
焼酎,純米酒,3
測定,焼酎,3
尿素,濃度,3
デンプン,香気成分,3
グルコース,醸協,3
fig,清酒酵母,3
有機酸,純米酒,3
fig,尿素,3
白米,貯蔵,3
料理,熟成,3
活性炭,酸度,3
酒米,酒粕,3
消費者,酸度,3
アミラーゼ,貯蔵,3
エチル,協会,3
カプロン,協会,3
カプロン,培地,3
カプロン酸エチル,培地,3
アミノ酸,白米,3
平成,育種,3
活性,酒粕,3
清酒中,酒粕,3
遺伝子,醸造,3
ビール,技術,3
ビール,酒母,3
エチル,活性,3
協会,官能評価,3
官能評価,親株,3
官能評価,小仕込試験,3
メーカー,平成,3
乳酸,製成酒,3
乳酸,清酒醸造,3
ペプチド,酸性,3
平成,醸協,3
日本酒度,純米酒,3
ワイン,清酒中,3
プロテアーゼ,ペプチド,3
ワイン,有機酸,3
was,協会,3
培地,濃度,3
試料,酵母,3
ビール,純米酒,3
グルコース,ペプチド,3
アミラーゼ,製成酒,3
清酒醸造,結果,3
rice,相関,3
玄米,相関,3
仕込,写真,3
メーカー,料理,3
ppm,日本酒度,3
and,プロテアーゼ,3
acid,酸性,3
商品,香味,3
acid,アミラーゼ,3
rice,増加,3
分離,日目,3
培地,日目,3
ppm,老香,3
吸水性,蒸米,3
カプロン,活性,3
増加,親株,3
仕込,添加,3
日本酒度,試料,3
and,玄米,3
日本,酵母,3
心白,酒母,3
醸協,香気成分,3
アミラーゼ,影響,3
アミラーゼ,濃度,3
アミロース,育種,3
場合,醸協,3
ペプチド,添加,3
清酒中,火入,3
技術,酒類,3
研究,酒母,3
研究,酒質,3
吟醸香,遺伝子,3
増加,試料,3
変異株,活性,3
acid,醸協,3
table,酵素活性,3
tabl,育種,3
moromi,試料,3
moromi,増加,3
技術,鑑評会,3
sake,遺伝子,3
培地,遺伝子,3
rice,育種,3
原料米,育種,3
精米,育種,3
and,着色度,3
acid,小仕込試験,3
乳酸菌,醸造,3
sake,五百万石,3
明治,鑑評会,3
明治,精米歩合,3
審査,精米歩合,3
酒類,香気成分,3
相関,酒米,3
ppm,親株,3
発酵,酒米,3
山田錦,酒粕,3
五百万石,遺伝子,3
and,oryzae,3
oryzae,清酒酵母,3
吸水性,酸度,3
アミロペクチン,遺伝子,3
玄米,育種,3
日目,発酵,3
明治,製造方法,3
oryzae,五百万石,3
料理,蔵元,3
価格,焼酎,3
仕込,製造方法,3
仕込,焼酎,3
グルテリン,五百万石,3
nan,ペプチド,3
全国新酒鑑評会,明治,3
全国新酒鑑評会,消費者,3
アミノ酸,イソアミル,3
アミロペクチン,解析,3
出品酒,明治,3
出品酒,消費者,3
玄米,酸度,3
昭和,玄米,3
審査,杜氏,3
使用,日目,3
清酒醸造,酸性,3
dna,吟醸香,3
料理,生酒,3
カプロン酸エチル,精米歩合,3
デンプン,濃度,3
消費者,白米,3
増加,酒粕,3
ppm,昭和,3
アミノ酸,仕込,3
グルコース,日本酒,3
fig,アミロース,3
全国新酒鑑評会,香味,3
カプロン酸エチル,香味,3
精米,酒類,3
原料米,酒類,3
デンプン,玄米,3
カプロン酸エチル,日本酒,3
焼酎,酒米,3
中国,火入,3
グルコアミラーゼ,酒母,3
分離,吟醸酒,3
分離,製造方法,3
分離,遺伝子,3
協会,原料米,3
協会,活性,3
吟醸酒,清酒醸造,3
官能評価,酒米,3
日目,杜氏,3
日本酒度,杜氏,3
アルコール,製成酒,3
純米酒,製造方法,3
アルコール,仕込,3
and,アルコール,3
山田錦,濃度,3
純米酒,酒粕,3
sake,エステル,3
tabl,エステル,3
ppm,測定,3
場合,市場,3
and,解析,3
fig,消化性,3
使用,原料米,3
使用,蒸米,3
尿素,香気成分,3
協会,日本酒度,3
カプロン酸エチル,小仕込試験,3
山田錦,温度,3
分析,日本酒度,3
協会,杜氏,3
純米酒,酒造り,3
純米酒,鑑評会,3
酒粕,香気成分,3
酒粕,酸度,3
添加,酒粕,3
吟醸酒,添加,3
品質,酒造り,3
中国,蒸米,3
アミノ酸,酒粕,3
日本酒,蒸米,3
アセトアルデヒド,酵母,3
アセトアルデヒド,酒粕,3
アセトアルデヒド,吟醸酒,3
oryzae,増加,3
濃度,蒸米,3
エステル,親株,3
エステル,カプロン酸エチル,3
乳酸菌,日本酒,3
火入,酒母,3
精米歩合,香味,3
焼酎,酸度,3
吟醸香,日目,3
アミラーゼ,精米歩合,3
fig,成分,3
table,培地,3
心白,測定,3
有機酸,酒母,3
消化性,結果,3
清酒酵母,結果,3
有機酸,温度,3
増加,酒母,3
グルコース,添加,3
火入,醸造,3
アルコール,生成,3
tabl,焼酎,3
アルコール,添加,3
火入,麹,3
アルコール,有機酸,3
table,リンゴ,3
table,カプロン酸エチル,3
吟醸酒,玄米,3
ppm,table,3
レストラン,昭和,3
日本,杜氏,3
乳酸菌,原料米,3
アミノ酸,増加,3
協会,酒質,3
アミノ,温度,3
アメリカ,文化,3
アメリカ,ビール,3
sake,酒類,3
吟醸香,増加,3
fig,吟醸香,3
デンプン,平成,3
品質,香味,3
日目,純米酒,3
エチル,成分,3
was,品種,3
五百万石,酸度,3
and,原料米,3
日目,白米,3
プロテアーゼ,日目,3
影響,白米,3
培地,日本酒度,3
table,仕込,3
rice,日目,3
rice,プロテアーゼ,3
蔵元,酵母,3
蔵元,酒米,3
sake,料理,3
tabl,純米酒,3
仕込,分離,3
品種,官能評価,3
温度,生酒,3
nan,グルコース,3
アミノ酸,熟成,3
fig,分離,3
蒸米,試料,3
グルコアミラーゼ,成分,3
グルコアミラーゼ,分離,3
アミラーゼ,分離,3
乳酸菌,官能評価,3
oryzae,成分,3
活性炭,香味,3
変異株,有機酸,3
グルコアミラーゼ,消化性,3
アセトアルデヒド,貯蔵,3
ppm,精米歩合,3
吸水性,酵母,3
使用,酒造適性,3
明治,麹菌,3
活性炭,着色度,3
rice,醸協,3
アルコール,遺伝子,3
日本酒度,酒造好適米,3
平成,日本,3
火入,精米歩合,3
火入,醸協,3
nan,吸水性,3
fig,タンパク,3
着色度,精米歩合,3
蒸米,酒造好適米,3
測定,香気成分,3
プロテアーゼ,結果,3
商品,貯蔵,3
熟成,生酒,3
料理,醤油,3
アミノ,リンゴ,3
プロテアーゼ,焼酎,3
蒸米,製造方法,3
イソアミル,リンゴ,3
吸水性,解析,3
日本酒度,酒造適性,3
アルコール,活性,3
デンプン,昭和,3
アミノ,吸水性,3
tabl,温度,3
was,着色度,3
場合,貯蔵,3
tabl,火入,3
グルコアミラーゼ,協会,3
グルテリン,精米,3
吸水性,清酒,3
fig,酸性,3
活性炭,測定,3
アミラーゼ,協会,3
杜氏,清酒醸造,3
fig,培地,3
oryzae,白米,3
グルコース,酒質,3
昭和,香気成分,3
the,香味,3
結果,試料,3
清酒中,試料,3
吟醸香,清酒醸造,3
活性炭,清酒中,3
製成酒,遺伝子,3
影響,貯蔵,3
ワイン,酸度,3
リンゴ,酒質,3
清酒醸造,育種,3
審査,火入,3
協会,吟醸香,3
nan,カプロン酸エチル,3
fig,グルコアミラーゼ,3
培地,発酵,3
濃度,製成酒,3
有機酸,醸協,3
fig,麹菌,3
エチル,活性炭,3
協会,有機酸,3
品種,酸度,3
リンゴ,吟醸香,3
tabl,酒造用原料米,3
影響,酒母,3
カプロン,リンゴ,3
table,吸水性,3
moromi,添加,3
table,親株,3
技術,酒造好適米,3
アミノ酸,分離,3
カプロン酸エチル,酒母,3
リンゴ,添加,3
心白,試料,3
歴史,消費者,3
玄米,麹菌,3
tabl,昭和,3
協会,精米歩合,3
清酒醸造,濃度,3
and,麹,3
乳酸菌,生成,3
昭和,香味,3
アミロペクチン,玄米,3
昭和,清酒酵母,3
清酒醸造,研究,3
火入,老香,3
リンゴ,平成,3
火入,着色度,3
dna,アミノ,3
rice,昭和,3
dna,タンパク,3
写真,山田錦,3
アミノ,火入,3
acid,濃度,3
尿素,添加,3
oryzae,玄米,3
dna,麹菌,3
協会,尿素,3
玄米,酵母,3
table,品種,3
プロテアーゼ,製造方法,3
nan,消化性,3
分離,酒質,3
影響,心白,3
結果,酒母,3
濃度,酵素活性,3
was,老香,3
活性,生酒,3
成分,消費者,3
アミロース,焼酎,3
吸水性,活性,3
sake,グルコアミラーゼ,3
アミノ,ビール,3
品種,酵素活性,3
アセトアルデヒド,純米酒,3
was,醸協,3
醸協,麹菌,3
dna,酒造好適米,3
海外,消費者,3
商品,場合,3
尿素,活性,3
文化,消費者,3
酒造好適米,麹,3
メーカー,場合,3
培地,尿素,3
was,火入,3
濃度,麹,3
アメリカ,消費者,3
and,吟醸香,3
小仕込試験,清酒醸造,3
sake,吟醸香,3
table,吟醸酒,3
吟醸香,老香,3
デンプン,吟醸酒,3
測定,麹菌,3
清酒醸造,酒粕,3
ppm,温度,3
酒母,酒粕,3
写真,麹菌,3
商品,官能評価,3
日目,酒造好適米,3
was,アセトアルデヒド,3
増加,清酒中,3
table,老香,3
table,生酒,3
吸水性,測定,3
sake,レストラン,3
清酒中,生酒,3
解析,酒造適性,3
was,生酒,3
table,吟醸香,3
火入,蔵元,3
sake,アセトアルデヒド,3
moromi,生成,3
and,醸造,3
メーカー,酒造好適米,3
品質,醸協,3
培地,酸性,3
oryzae,ワイン,3
グルコアミラーゼ,ビール,3
アルコール,官能評価,3
吟醸酒,日目,3
培地,酒質,3
アルコール,エステル,3
and,香味,3
rice,場合,3
ビール,酸性,3
tabl,影響,3
ワイン,白米,3
ワイン,結果,3
and,場合,3
場合,製成酒,3
イソアミル,活性,3
活性,白米,3
昭和,活性炭,3
グルコアミラーゼ,吟醸香,3
nan,レストラン,3
白米,麹,3
was,酒母,3
製造方法,酸性,3
ワイン,測定,3
協会,麹菌,3
アセトアルデヒド,ビール,3
the,場合,3
エチル,分析,3
and,吸水性,3
rice,出品酒,3
生酒,老香,3
tabl,相関,3
価格,杜氏,3
影響,酢酸,3
カプロン,影響,3
生酒,相関,3
全国新酒鑑評会,酒造好適米,3
アミノ,分析,3
and,ワイン,3
添加,香味,3
全国新酒鑑評会,酸度,3
吟醸酒,飲酒,3
and,アミロース,3
tabl,酒質,2
乳酸菌,純米酒,2
乳酸菌,蔵元,2
尿素,温度,2
生成,解析,2
グルコース,乳酸菌,2
尿素,火入,2
ペプチド,変異株,2
dna,カプロン,2
エチル,影響,2
日本酒度,有機酸,2
純米酒,酸性,2
消費者,酒米,2
酒粕,酒造好適米,2
カプロン酸エチル,仕込,2
table,グルコース,2
純米酒,酒米,2
アミノ酸,親株,2
平成,清酒中,2
グルテリン,生成,2
デンプン,官能評価,2
消費者,清酒醸造,2
日本酒,日目,2
ppm,火入,2
エチル,山田錦,2
アミロペクチン,精米歩合,2
dna,カプロン酸エチル,2
fig,全国新酒鑑評会,2
カプロン,酒造好適米,2
エチル,酒造好適米,2
and,酒造適性,2
dmts,吟醸香,2
技術,歴史,2
日本,研究,2
官能評価,麹菌,2
歴史,清酒醸造,2
歴史,酒類,2
品種,濃度,2
五百万石,濃度,2
アミロース,濃度,2
清酒醸造,酒類,2
アミロペクチン,濃度,2
the,全国新酒鑑評会,2
官能評価,玄米,2
増加,酒造好適米,2
エチル,グルテリン,2
dmts,製成酒,2
and,dmts,2
カプロン酸エチル,デンプン,2
アミロペクチン,相関,2
カプロン,デンプン,2
エチル,デンプン,2
dmts,酵母,2
イソアミル,精米,2
増加,尿素,2
dmts,清酒酵母,2
レストラン,官能評価,2
アミラーゼ,酒造適性,2
sake,解析,2
ビール,官能評価,2
グルコース,吟醸香,2
清酒醸造,醸造,2
ビール,添加,2
乳酸菌,解析,2
dna,fig,2
場合,増加,2
仕込,着色度,2
発酵,酸性,2
メーカー,火入,2
小仕込試験,純米酒,2
dna,乳酸菌,2
アミノ酸,麹,2
影響,火入,2
尿素,貯蔵,2
table,出品酒,2
dna,清酒醸造,2
dna,生成,2
dna,醸協,2
仕込,測定,2
乳酸,焼酎,2
平成,遺伝子,2
場合,相関,2
杜氏,発酵,2
活性炭,生成,2
ビール,清酒中,2
遺伝子,酒質,2
平成,海外,2
温度,生成,2
乳酸,使用,2
タンパク,火入,2
試料,酒母,2
原料米,老香,2
ビール,酒米,2
カプロン,昭和,2
グルコース,酒米,2
官能評価,蔵元,2
官能評価,精米,2
消費者,輸出,2
生成,老香,2
添加,温度,2
酒粕,飲酒,2
貯蔵,麹菌,2
増加,相関,2
dmts,影響,2
タンパク,香味,2
品種,貯蔵,2
製造方法,酒粕,2
ワイン,生酒,2
グルテリン,添加,2
市場,平成,2
酸性,醸協,2
歴史,酵母,2
五百万石,酵母,2
グルコアミラーゼ,醸協,2
五百万石,製造方法,2
アミロペクチン,麹菌,2
アミロペクチン,酵母,2
アミロペクチン,酒粕,2
世界,明治,2
世界,歴史,2
影響,老香,2
吸水性,酒母,2
解析,醸造,2
oryzae,ペプチド,2
測定,純米酒,2
アメリカ,官能評価,2
昭和,老香,2
全国新酒鑑評会,商品,2
全国新酒鑑評会,市場,2
日本酒,測定,2
全国新酒鑑評会,料理,2
吟醸香,消費者,2
全国新酒鑑評会,純米酒,2
日本酒,有機酸,2
ワイン,香味,2
and,日本酒,2
吟醸香,杜氏,2
アメリカ,審査,2
ペプチド,山田錦,2
デンプン,測定,2
タンパク,親株,2
協会,研究,2
ペプチド,白米,2
アミラーゼ,アミロペクチン,2
小仕込試験,清酒中,2
and,醸協,2
moromi,有機酸,2
fig,リンゴ,2
分離,平成,2
心白,酸度,2
dna,平成,2
rice,清酒中,2
カプロン酸エチル,鑑評会,2
品種,日本酒,2
rice,尿素,2
ワイン,五百万石,2
rice,小仕込試験,2
dna,酒米,2
温度,醸協,2
dna,五百万石,2
商品,鑑評会,2
昭和,海外,2
and,温度,2
fig,五百万石,2
アミノ酸,酒米,2
平成,測定,2
アミノ,酒米,2
oryzae,アミロペクチン,2
rice,清酒酵母,2
吟醸香,蔵元,2
吟醸香,純米酒,2
吟醸香,日本酒,2
価格,歴史,2
dmts,カプロン酸エチル,2
dmts,カプロン,2
解析,試料,2
価格,吟醸香,2
ワイン,濃度,2
使用,濃度,2
出品酒,麹菌,2
小仕込試験,酸性,2
fig,解析,2
ワイン,試料,2
ペプチド,製造方法,2
平成,輸出,2
官能評価,消化性,2
table,添加,2
アメリカ,メーカー,2
カプロン酸エチル,清酒中,2
活性炭,酢酸,2
エチル,測定,2
エチル,日目,2
アミノ酸,麹菌,2
table,生成,2
発酵,貯蔵,2
table,活性炭,2
吟醸香,貯蔵,2
dmts,table,2
吟醸香,活性炭,2
純米酒,酒造適性,2
山田錦,蔵元,2
酒粕,酒造適性,2
純米酒,麹菌,2
添加,結果,2
発酵,純米酒,2
アミロペクチン,育種,2
アミノ酸,酸性,2
品質,製成酒,2
品種,日本,2
リンゴ,乳酸菌,2
製成酒,酒造適性,2
出品酒,吟醸香,2
dna,製成酒,2
五百万石,酒粕,2
fig,製成酒,2
増加,麹菌,2
アミロペクチン,平成,2
使用,培地,2
写真,分離,2
使用,酸性,2
玄米,酒母,2
海外,麹菌,2
清酒中,相関,2
グルテリン,清酒中,2
グルテリン,官能評価,2
分析,影響,2
リンゴ,酒造適性,2
焼酎,酒造適性,2
ペプチド,吟醸酒,2
イソアミル,活性炭,2
sake,メーカー,2
明治,発酵,2
ワイン,乳酸,2
明治,醸造,2
アミノ酸,ワイン,2
製造方法,酒造適性,2
dna,添加,2
吟醸香,添加,2
ペプチド,酒造適性,2
濃度,遺伝子,2
アミノ酸,測定,2
育種,解析,2
増加,解析,2
増加,清酒酵母,2
タンパク,酢酸,2
カプロン酸エチル,タンパク,2
fig,イソアミル,2
貯蔵,酒造好適米,2
焼酎,着色度,2
リンゴ,酒造好適米,2
乳酸,温度,2
ペプチド,相関,2
焼酎,酒粕,2
清酒酵母,純米酒,2
ビール,酒造適性,2
リンゴ,純米酒,2
ビール,原料米,2
審査,山田錦,2
リンゴ,山田錦,2
全国新酒鑑評会,山田錦,2
影響,純米酒,2
sake,世界,2
カプロン酸エチル,活性炭,2
場合,輸出,2
場合,日本,2
原料米,活性炭,2
ppm,五百万石,2
成分,料理,2
結果,酒粕,2
品種,研究,2
清酒酵母,酵素活性,2
場合,純米酒,2
全国新酒鑑評会,品質,2
仕込,商品,2
全国新酒鑑評会,酒造り,2
成分,相関,2
ワイン,育種,2
日目,酢酸,2
and,アミロペクチン,2
商品,麹菌,2
デンプン,酸度,2
小仕込試験,酒質,2
原料米,場合,2
培地,清酒醸造,2
原料米,商品,2
活性,火入,2
影響,醸協,2
価格,原料米,2
歴史,蔵元,2
心白,酵素活性,2
吸水性,麹菌,2
吸水性,酵素活性,2
消費者,酒造好適米,2
成分,精米歩合,2
純米酒,醸造,2
グルコース,小仕込試験,2
商品,酒造好適米,2
小仕込試験,活性,2
アミラーゼ,尿素,2
デンプン,仕込,2
acid,熟成,2
グルコアミラーゼ,清酒中,2
協会,清酒中,2
清酒中,白米,2
焼酎,酸性,2
製造方法,酸度,2
酸度,麹菌,2
イソアミル,相関,2
分析,麹,2
アミラーゼ,ワイン,2
分析,酸性,2
相関,酢酸,2
分析,焼酎,2
分離,尿素,2
ワイン,麹,2
ワイン,酸性,2
ワイン,活性,2
ビール,品種,2
ビール,分析,2
尿素,親株,2
平成,成分,2
商品,成分,2
価格,玄米,2
成分,醸協,2
技術,蔵元,2
審査,技術,2
moromi,着色度,2
五百万石,酵素活性,2
増加,日本酒度,2
技術,麹,2
清酒醸造,火入,2
乳酸菌,火入,2
ペプチド,火入,2
成分,生酒,2
and,五百万石,2
蔵元,鑑評会,2
ビール,香気成分,2
sake,昭和,2
出品酒,杜氏,2
アミノ,エステル,2
アミノ酸,協会,2
アミノ酸,昭和,2
エステル,昭和,2
分離,昭和,2
仕込,玄米,2
ppm,活性炭,2
moromi,アミノ,2
酒母,醸造,2
吟醸酒,成分,2
タンパク,育種,2
仕込,日本,2
アセトアルデヒド,遺伝子,2
and,酒米,2
生成,生酒,2
官能評価,結果,2
増加,醸協,2
増加,結果,2
商品,濃度,2
メーカー,清酒醸造,2
デンプン,酒粕,2
the,審査,2
小仕込試験,有機酸,2
吟醸酒,老香,2
吟醸香,火入,2
吟醸香,生酒,2
アミロース,グルテリン,2
table,酢酸,2
table,育種,2
tabl,吟醸香,2
dna,table,2
dna,tabl,2
杜氏,製造方法,2
デンプン,醸造,2
アミラーゼ,小仕込試験,2
仕込,熟成,2
影響,発酵,2
影響,精米,2
純米酒,香気成分,2
純米酒,製成酒,2
生酒,酒質,2
生酒,製成酒,2
イソアミル,醸協,2
醸協,香味,2
酸度,香味,2
火入,香味,2
料理,香味,2
分析,純米酒,2
影響,酸度,2
moromi,影響,2
純米酒,輸出,2
官能評価,火入,2
吟醸香,精米歩合,2
吟醸香,山田錦,2
メーカー,技術,2
玄米,遺伝子,2
プロテアーゼ,品種,2
the,写真,2
ppm,写真,2
アミノ酸,培地,2
杜氏,精米,2
仕込,麹菌,2
研究,酒造好適米,2
カプロン,活性炭,2
吸水性,酒米,2
rice,日本酒度,2
dna,oryzae,2
影響,酒米,2
tabl,乳酸菌,2
吟醸香,有機酸,2
エチル,リンゴ,2
ppm,吟醸香,2
試料,酒造好適米,2
グルコアミラーゼ,試料,2
カプロン酸エチル,山田錦,2
グルコアミラーゼ,心白,2
山田錦,鑑評会,2
出品酒,酒母,2
rice,有機酸,2
培地,添加,2
sake,熟成,2
was,熟成,2
nan,培地,2
場合,濃度,2
nan,アセトアルデヒド,2
acid,尿素,2
酒造好適米,香気成分,2
アミノ,生酒,2
メーカー,醤油,2
清酒中,着色度,2
結果,酵素活性,2
消費者,清酒中,2
市場,酸度,2
結果,酸度,2
場合,清酒中,2
吟醸酒,着色度,2
吟醸酒,清酒中,2
酵素活性,酸度,2
仕込,蔵元,2
アミノ,醤油,2
審査,老香,2
was,エチル,2
成分,醸造,2
アミノ酸,成分,2
場合,香味,2
香味,香気成分,2
nan,乳酸,2
熟成,麹菌,2
火入,麹菌,2
oryzae,協会,2
料理,火入,2
活性,酸度,2
着色度,純米酒,2
着色度,醸協,2
消化性,醸協,2
イソアミル,酒造好適米,2
was,カプロン酸エチル,2
was,イソアミル,2
生酒,着色度,2
生成,研究,2
吟醸香,醸協,2
乳酸菌,醸協,2
乳酸菌,研究,2
アミラーゼ,吟醸香,2
吟醸香,変異株,2
発酵,酵素活性,2
分離,酵素活性,2
変異株,清酒醸造,2
oryzae,was,2
育種,醸造,2
清酒醸造,親株,2
培地,醸造,2
濃度,育種,2
イソアミル,醸造,2
tabl,結果,2
アルコール,培地,2
日本,醤油,2
価格,白米,2
table,焼酎,2
火入,製成酒,2
rice,火入,2
rice,酒類,2
was,酒造好適米,2
was,活性炭,2
was,山田錦,2
table,山田錦,2
was,酒類,2
活性炭,酒類,2
中国,酒母,2
火入,白米,2
親株,酒造好適米,2
table,着色度,2
貯蔵,酒類,2
ペプチド,醸協,2
料理,醸協,2
製造方法,親株,2
純米酒,酒母,2
純米酒,遺伝子,2
アルコール,日目,2
活性,純米酒,2
rice,成分,2
吟醸酒,親株,2
影響,試料,2
table,麹,2
原料米,親株,2
写真,飲酒,2
小仕込試験,消化性,2
小仕込試験,心白,2
原料米,清酒酵母,2
アミラーゼ,心白,2
日目,活性,2
吟醸香,活性,2
was,増加,2
使用,品質,2
使用,活性炭,2
品質,生酒,2
温度,精米歩合,2
培地,醸協,2
oryzae,分離,2
oryzae,消化性,2
ppm,商品,2
ppm,ビール,2
分離,麹菌,2
成分,活性,2
アミノ酸,消費者,2
温度,純米酒,2
料理,温度,2
官能評価,温度,2
was,分析,2
was,成分,2
協会,精米,2
吟醸酒,酒造り,2
品質,日本酒度,2
酒造適性,醸造,2
ワイン,熟成,2
相関,鑑評会,2
was,ワイン,2
原料米,鑑評会,2
アセトアルデヒド,アミノ,2
日本酒度,添加,2
日本酒,精米,2
品質,杜氏,2
日本酒度,白米,2
場合,解析,2
アセトアルデヒド,尿素,2
リンゴ,尿素,2
リンゴ,日本酒度,2
小仕込試験,日本酒度,2
尿素,日本酒度,2
酒質,飲酒,2
was,消化性,2
市場,飲酒,2
場合,飲酒,2
メーカー,飲酒,2
消費者,酒粕,2
アルコール,日本酒,2
協会,酒造好適米,2
玄米,酒類,2
分離,酒造好適米,2
成分,玄米,2
分離,純米酒,2
成分,試料,2
グルコアミラーゼ,親株,2
グルコアミラーゼ,純米酒,2
グルコアミラーゼ,吟醸酒,2
アミラーゼ,親株,2
アルコール,精米歩合,2
焼酎,精米歩合,2
table,成分,2
昭和,酒粕,2
table,品質,2
精米歩合,酒類,2
昭和,発酵,2
仕込,醸造,2
酒類,醸協,2
メーカー,酒粕,2
アルコール,昭和,2
アミノ酸,醸造,2
ppm,醸造,2
ppm,アルコール,2
温度,酒母,2
白米,遺伝子,2
場合,結果,2
料理,活性炭,2
世界,技術,2
酒造り,麹,2
日本,酒造り,2
清酒中,麹,2
活性,清酒中,2
アミノ,玄米,2
熟成,酸度,2
熟成,精米歩合,2
グルコアミラーゼ,貯蔵,2
料理,精米歩合,2
アミノ酸,料理,2
エチル,麹,2
商品,醤油,2
was,アミノ酸,2
アミノ酸,濃度,2
文化,醤油,2
平成,醤油,2
ppm,分析,2
酒米,醸協,2
dna,小仕込試験,2
メーカー,活性炭,2
分析,醤油,2
イソアミル,増加,2
アミノ酸,日本酒,2
グルコース,増加,2
メーカー,増加,2
oryzae,精米,2
明治,白米,2
日目,測定,2
日目,清酒醸造,2
焼酎,玄米,2
白米,育種,2
消化性,育種,2
五百万石,育種,2
焼酎,白米,2
デンプン,清酒酵母,2
sake,麹菌,2
カプロン,増加,2
and,デンプン,2
吟醸酒,増加,2
増加,昭和,2
増加,消費者,2
明治,純米酒,2
歴史,純米酒,2
添加,精米歩合,2
ppm,小仕込試験,2
カプロン酸エチル,活性,2
カプロン酸エチル,増加,2
酒米,醸造,2
吟醸酒,変異株,2
醤油,麹,2
原料米,杜氏,2
ペプチド,乳酸,2
酒造適性,醸協,2
タンパク,昭和,2
乳酸,酸性,2
日目,麹,2
仕込,吟醸酒,2
有機酸,酸性,2
sake,文化,2
アメリカ,酒類,2
グルコース,消化性,2
乳酸菌,杜氏,2
醸協,醸造,2
アミノ酸,温度,2
アミノ酸,酒母,2
アルコール,増加,2
メーカー,精米,2
メーカー,玄米,2
写真,醤油,2
写真,火入,2
ワイン,醤油,2
アルコール,濃度,2
アルコール,酒母,2
プロテアーゼ,清酒醸造,2
プロテアーゼ,有機酸,2
moromi,培地,2
tabl,清酒醸造,2
エステル,遺伝子,2
エステル,育種,2
日本酒度,消費者,2
価格,日本酒度,2
吟醸酒,測定,2
分析,蒸米,2
分析,酒米,2
メーカー,審査,2
吟醸酒,発酵,2
吟醸香,発酵,2
消費者,発酵,2
消費者,生酒,2
プロテアーゼ,酒質,2
プロテアーゼ,吟醸酒,2
acid,プロテアーゼ,2
価格,酒質,2
acid,日本酒度,2
acid,アルコール,2
エステル,活性,2
白米,相関,2
tabl,ペプチド,2
カプロン,精米歩合,2
fig,品種,2
ビール,山田錦,2
消化性,製成酒,2
影響,日本酒度,2
メーカー,焼酎,2
官能評価,蒸米,2
グルコアミラーゼ,官能評価,2
acid,白米,2
イソアミル,仕込,2
イソアミル,結果,2
グルコース,遺伝子,2
oryzae,グルコース,2
グルコース,協会,2
吟醸香,酒造好適米,2
焼酎,貯蔵,2
分析,製成酒,2
仕込,香気成分,2
分析,協会,2
rice,吟醸香,2
日目,酒粕,2
小仕込試験,酒粕,2
小仕込試験,日目,2
原料米,日目,2
tabl,日目,2
oryzae,心白,2
場合,測定,2
moromi,分離,2
清酒中,清酒酵母,2
相関,遺伝子,2
培地,測定,2
活性,育種,2
有機酸,酵素活性,2
培地,酵素活性,2
測定,親株,2
分析,麹菌,2
タンパク,成分,2
商品,研究,2
moromi,協会,2
原料米,消費者,2
tabl,酒母,2
was,日本酒度,2
table,変異株,2
was,使用,2
日目,酵素活性,2
日本酒度,酸性,2
アミラーゼ,日目,2
moromi,アミラーゼ,2
乳酸菌,小仕込試験,2
変異株,酒母,2
カプロン酸エチル,発酵,2
カプロン,発酵,2
清酒中,遺伝子,2
有機酸,清酒中,2
酒米,酒造り,2
出品酒,日本酒度,2
ビール,分離,2
生成,白米,2
明治,醸協,2
山田錦,醸協,2
写真,精米歩合,2
写真,明治,2
写真,原料米,2
貯蔵,酒粕,2
明治,酸度,2
日本酒度,明治,2
精米,酒造り,2
使用,酒粕,2
杜氏,麹,2
技術,発酵,2
技術,清酒酵母,2
濃度,香味,2
添加,測定,2
acid,香味,2
moromi,吟醸酒,2
酒粕,酵素活性,2
品種,蔵元,2
品種,杜氏,2
was,有機酸,2
カプロン酸エチル,日目,2
乳酸,遺伝子,2
成分,酒粕,2
乳酸,清酒中,2
リンゴ,清酒中,2
心白,明治,2
相関,香気成分,2
生成,試料,2
生成,相関,2
吟醸酒,消化性,2
吟醸酒,影響,2
測定,酒類,2
測定,酒粕,2
乳酸菌,酢酸,2
カプロン酸エチル,相関,2
遺伝子,醸協,2
グルコース,酵素活性,2
小仕込試験,酒造適性,2
小仕込試験,酒造好適米,2
吸水性,小仕込試験,2
日本酒度,温度,2
タンパク,吸水性,2
sake,吸水性,2
温度,測定,2
仕込,吟醸香,2
使用,酒類,2
研究,鑑評会,2
使用,消費者,2
発酵,香味,2
アミロース,中国,2
tabl,アミロース,2
結果,解析,2
焼酎,解析,2
焼酎,精米,2
酒造適性,香気成分,2
増加,成分,2
協会,日本酒,2
レストラン,文化,2
製造方法,香味,2
グルコース,香味,2
dna,リンゴ,2
アミノ,中国,2
アミラーゼ,香味,2
tabl,製造方法,2
成分,鑑評会,2
成分,研究,2
添加,麹菌,2
デンプン,酸性,2
アミラーゼ,添加,2
相関,精米,2
昭和,濃度,2
中国,品種,2
精米,酸性,2
場合,発酵,2
消化性,香気成分,2
アミラーゼ,生酒,2
グルコアミラーゼ,酒造適性,2
アミロペクチン,吸水性,2
acid,麹菌,2
acid,影響,2
acid,山田錦,2
acid,原料米,2
分離,精米,2
分離,濃度,2
ワイン,乳酸菌,2
グルコース,鑑評会,2
精米,酢酸,2
グルコース,精米歩合,2
the,鑑評会,2
生成,精米,2
fig,純米酒,2
fig,出品酒,2
日本酒,玄米,2
小仕込試験,日本酒,2
原料米,着色度,2
五百万石,増加,2
グルテリン,貯蔵,2
rice,乳酸菌,2
acid,酒母,2
acid,日目,2
世界,消費者,2
日目,濃度,2
明治,酒造好適米,2
ペプチド,濃度,2
ペプチド,日目,2
グルコース,日目,2
研究,飲酒,2
日本酒,遺伝子,2
分離,酒造適性,2
グルテリン,酵素活性,2
グルコアミラーゼ,グルテリン,2
世界,平成,2
分析,酵素活性,2
日本酒度,酒類,2
商品,審査,2
品質,酒類,2
エチル,遺伝子,2
清酒酵母,貯蔵,2
カプロン酸エチル,貯蔵,2
カプロン,貯蔵,2
結果,製成酒,2
小仕込試験,酒米,2
蒸米,香気成分,2
明治,清酒醸造,2
商品,明治,2
清酒中,貯蔵,2
老香,醸協,2
グルコアミラーゼ,相関,2
成分,貯蔵,2
成分,着色度,2
アセトアルデヒド,着色度,2
タンパク,製成酒,2
レストラン,審査,2
中国,輸出,2
中国,海外,2
世界,中国,2
仕込,清酒中,2
原料米,成分,2
乳酸,日本酒度,2
乳酸,平成,2
グルコース,日本酒度,2
原料米,清酒中,2
acid,平成,2
acid,分析,2
清酒中,製成酒,2
ワイン,温度,2
仕込,変異株,2
ワイン,平成,2
仕込,純米酒,2
研究,酒米,2
fig,醸協,2
平成,心白,2
写真,酒造り,2
鑑評会,飲酒,2
ビール,鑑評会,2
アルコール,飲酒,2
ビール,測定,2
アセトアルデヒド,測定,2
アセトアルデヒド,ワイン,2
table,ワイン,2
and,ビール,2
心白,酒質,2
場合,酒造好適米,2
活性炭,酒造り,2
品種,日本酒度,2
原料米,日本酒度,2
使用,酒造好適米,2
アルコール,醸協,2
アルコール,使用,2
ビール,醤油,2
場合,熟成,2
場合,技術,2
熟成,研究,2
平成,貯蔵,2
活性炭,温度,2
貯蔵,酒造り,2
リンゴ,昭和,2
メーカー,酸度,2
吸水性,結果,2
ワイン,吸水性,2
アミロース,酒母,2
アミロース,ビール,2
アミラーゼ,アミロース,2
dna,結果,2
dna,焼酎,2
メーカー,日本酒度,2
官能評価,日本,2
メーカー,酒母,2
全国新酒鑑評会,日本酒度,2
商品,酒米,2
影響,香味,2
全国新酒鑑評会,精米歩合,2
全国新酒鑑評会,酒母,2
エチル,香味,2
エステル,香味,2
エステル,影響,2
イソアミル,影響,2
アルコール,香味,2
the,エステル,2
and,エステル,2
ビール,研究,2
nan,リンゴ,2
杜氏,研究,2
解析,酒造用原料米,2
was,場合,2
sake,場合,2
官能評価,杜氏,2
場合,心白,2
吸水性,育種,2
純米酒,老香,2
熟成,飲酒,2
料理,飲酒,2
料理,老香,2
アセトアルデヒド,熟成,2
fig,生酒,2
アルコール,タンパク,2
アセトアルデヒド,増加,2
使用,酒造り,2
酒母,酸性,2
尿素,酸性,2
乳酸菌,酸性,2
乳酸菌,活性,2
乳酸菌,尿素,2
吟醸香,測定,2
杜氏,測定,2
was,デンプン,2
昭和,解析,2
アルコール,蒸米,2
メーカー,レストラン,2
乳酸菌,醤油,2
dna,アミラーゼ,2
oryzae,the,2
使用,写真,2
table,活性,2
アミロース,麹菌,2
アミロース,白米,2
table,五百万石,2
table,原料米,2
and,心白,2
中国,酵母,2
乳酸菌,使用,2
アルコール,酒類,2
温度,醤油,2
使用,醤油,2
fig,アミラーゼ,2
table,解析,2
table,酒造用原料米,2
価格,蔵元,2
プロテアーゼ,生酒,2
the,昭和,2
ビール,蒸米,2
原料米,解析,2
品種,酒母,2
メーカー,全国新酒鑑評会,2
場合,蔵元,2
有機酸,遺伝子,2
リンゴ,増加,2
ppm,エステル,2
日本,精米歩合,2
乳酸,変異株,2
場合,清酒醸造,2
有機酸,麹,2
清酒酵母,香味,2
清酒酵母,蒸米,2
乳酸,蒸米,2
乳酸,場合,2
有機酸,蒸米,2
moromi,乳酸,2
有機酸,結果,2
有機酸,焼酎,2
心白,焼酎,2
心白,清酒,2
品種,香気成分,2
ペプチド,結果,2
ペプチド,焼酎,2
グルコアミラーゼ,ペプチド,2
グルコアミラーゼ,デンプン,2
アミロース,ペプチド,2
蔵元,酸度,2
moromi,醸協,2
ワイン,研究,2
oryzae,リンゴ,2
明治,育種,2
アセトアルデヒド,老香,2
山田錦,研究,2
rice,酒母,2
清酒中,老香,2
試料,麹菌,2
試料,麹,2
清酒中,麹菌,2
リンゴ,麹菌,2
タンパク,リンゴ,2
分析,酢酸,2
乳酸,小仕込試験,2
sake,心白,2
sake,アミロース,2
官能評価,日目,2
白米,解析,2
dna,心白,2
変異株,酸度,2
日目,生成,2
日本酒度,発酵,2
日本酒度,生成,2
小仕込試験,醸協,2
moromi,尿素,2
moromi,酵素活性,2
精米歩合,酒造り,2
アミロース,測定,2
消化性,麹,2
消化性,酵素活性,2
心白,麹,2
心白,酒造用原料米,2
影響,酒造用原料米,2
山田錦,酵素活性,2
プロテアーゼ,香気成分,2
吸水性,酸性,2
アミロース,麹,2
アミロース,酸性,2
増加,白米,2
原料米,蔵元,2
増加,製成酒,2
増加,酒類,2
原料米,研究,2
使用,杜氏,2
moromi,ppm,2
成分,酒母,2
使用,成分,2
製成酒,酒類,2
測定,醸協,2
写真,醸協,2
測定,酒造用原料米,2
測定,麹,2
プロテアーゼ,発酵,2
結果,酒造適性,2
尿素,酵素活性,2
尿素,麹,2
技術,精米歩合,2
乳酸菌,熟成,2
ペプチド,酸度,2
ペプチド,着色度,2
タンパク,乳酸菌,2
アミノ酸,乳酸,2
濃度,相関,2
table,ペプチド,2
tabl,熟成,2
明治,蒸米,2
山田錦,技術,2
table,相関,2
火入,酵母,2
プロテアーゼ,酒母,2
tabl,酒類,2
プロテアーゼ,増加,2
ビール,中国,2
酒造適性,酵素活性,2
酒造用原料米,酸性,2
グルコース,吟醸酒,2
